{
        "Charge scaling factor": 0.6010448775596351,
        "One_body": {
                "Ba": -8.833227810117409
        },
        "Two_body": {
                "Ba-O": {
                        "r_min": 2.0299586999272106,
                        "r_cut": 12.02995869992721,
                        "dr": 0.5,
                        "r": [
                                2.0299586999272106,
                                2.5299586999272106,
                                3.0299586999272106,
                                3.5299586999272106,
                                4.02995869992721,
                                4.52995869992721,
                                5.02995869992721,
                                5.52995869992721,
                                6.02995869992721,
                                6.52995869992721,
                                7.02995869992721,
                                7.52995869992721,
                                8.02995869992721,
                                8.52995869992721,
                                9.02995869992721,
                                9.52995869992721,
                                10.02995869992721,
                                10.52995869992721,
                                11.02995869992721,
                                11.52995869992721,
                                12.02995869992721
                        ],
                        "exp_a": 0.11021492808422884,
                        "exp_b": 3.8570472046015323,
                        "exp_c": -24.946120898778343,
                        "spl_a": [
                                12.891938272743719,
                                10.921686638879397,
                                9.168708804389022,
                                7.582837155852415,
                                6.151529789533789,
                                4.874786705058733,
                                3.7526079020883265,
                                2.7849933803316125,
                                1.9717949226768854,
                                1.3107501855409294,
                                0.7921704862416886,
                                0.40293609871643216,
                                0.140184460057259,
                                -0.0039722745341505454,
                                -0.06684907510451893,
                                -0.08252762457317372,
                                -0.07105670299804946,
                                -0.04444558253621236,
                                -0.016175128311001565,
                                -0.002460110613702818,
                                0
                        ],
                        "spl_b": [
                                -4.170318970436099,
                                -3.710687565021188,
                                -3.326307579607316,
                                -3.017179014711425,
                                -2.7080504506783827,
                                -2.39892188733715,
                                -2.0897933246458,
                                -1.7806647624423744,
                                -1.4724255020533508,
                                -1.1750923980883188,
                                -0.9049515242045534,
                                -0.6519860260404513,
                                -0.39902052874021904,
                                -0.19338209850216803,
                                -0.06965228822177649,
                                0.0006591511551346796,
                                0.0417699162400545,
                                0.06075343610641559,
                                0.044505787456570474,
                                0.01313624560235973,
                                0
                        ],
                        "spl_c": [
                                0.4596314054149098,
                                0.4596314054149098,
                                0.30912856541283523,
                                0.3091285643789473,
                                0.3091285636871374,
                                0.30912856299532754,
                                0.3091285623873734,
                                0.30912856201947797,
                                0.307349958758569,
                                0.2873162491714945,
                                0.2529654985960367,
                                0.25296549773216714,
                                0.2529654968682976,
                                0.1583113636078044,
                                0.0891482569529787,
                                0.05147462180084363,
                                0.030746908368996025,
                                0.007220131363726151,
                                -0.039715428663416395,
                                -0.023023655045005097,
                                0
                        ],
                        "spl_d": [
                                0.0,
                                -0.10033522666804973,
                                -6.892586131475771e-10,
                                -4.612065914362991e-10,
                                -4.612065914362991e-10,
                                -4.0530275432123136e-10,
                                -2.4526362422487103e-10,
                                -0.0011857355072726339,
                                -0.013355806391383007,
                                -0.022900500383638556,
                                -5.759130209762967e-10,
                                -5.759130209762967e-10,
                                -0.06310275550699547,
                                -0.04610873776988379,
                                -0.025115756768090046,
                                -0.013818475621231738,
                                -0.01568451800351325,
                                -0.03129037335142836,
                                0.011127849078940865,
                                0.013183212590193826,
                                0
                        ]
                },
                "O-O": {
                        "r_min": 3.1336419288442756,
                        "r_cut": 12.133641928844275,
                        "dr": 0.5,
                        "r": [
                                3.1336419288442756,
                                3.6336419288442756,
                                4.133641928844275,
                                4.633641928844275,
                                5.133641928844275,
                                5.633641928844275,
                                6.133641928844275,
                                6.633641928844275,
                                7.133641928844275,
                                7.633641928844275,
                                8.133641928844275,
                                8.633641928844275,
                                9.133641928844275,
                                9.633641928844275,
                                10.133641928844275,
                                10.633641928844275,
                                11.133641928844275,
                                11.633641928844275,
                                12.133641928844275
                        ],
                        "exp_a": 0.08460382593268616,
                        "exp_b": NaN,
                        "exp_c": NaN,