{
        "Charge scaling factor": 1.0,
        "One_body": {
                "Ba": 0.0
        },
        "Two_body": {
                "Ba-O": {
                        "r_min": 0.0,
                        "r_cut": 12.0,
                        "V_func": "0.065011*(1-exp(1.547596*(r_ij-3.393410))**2 - 1) + 5.0/(r_ij**12)"
                },
                "O-O": {
                        "r_min": 0.0,
                        "r_cut": 12.0,
                        "V_func": "0.042395*(1-exp(1.379316*(r_ij-3.618701))**2 - 1) + 22.0/(r_ij**12)"
                }
        }
}