{
        "Charge scaling factor": 0.0,
        "One_body": {
                "O": -7.5055339969674035,
                "Zn": 6.7564035420444455
        },
        "Two_body": {
                "O-O": {
                        "r_min": 2.0127416997969516,
                        "r_cut": 6.012741699796951,
                        "dr": 0.5,
                        "r": [
                                2.0127416997969516,
                                2.5127416997969516,
                                3.0127416997969516,
                                3.5127416997969516,
                                4.012741699796951,
                                4.512741699796951,
                                5.012741699796951,
                                5.512741699796951,
                                6.012741699796951
                        ],
                        "exp_a": 0.15591244733407084,
                        "exp_b": 3.777664162097684,
                        "exp_c": -23.535182094382957,
                        "spl_a": [
                                8.404611415594257,
                                6.108809373477085,
                                4.201214620608812,
                                2.681827156979659,
                                1.5506469825830131,
                                0.7842491540309423,
                                0.28893389777813966,
                                0.04127627043784207,
                                0
                        ],
                        "spl_b": [
                                -4.97981137348542,
                                -4.203396794983267,
                                -3.426982216494175,
                                -2.6505676380245813,
                                -1.8741530595622944,
                                -1.2382881414185472,
                                -0.7429728835927585,
                                -0.24765762576901995,
                                0
                        ],
                        "spl_c": [
                                0.7764145785021526,
                                0.7764145785021526,
                                0.776414578476031,
                                0.7764145784631565,
                                0.7764145784614191,
                                0.4953152578260751,
                                0.4953152578255023,
                                0.49531525782197483,
                                0
                        ],
                        "spl_d": [
                                0.0,
                                -1.7414366245323738e-11,
                                -8.582986173640467e-12,
                                -1.1582586741572716e-12,
                                -0.18739954709022935,
                                -3.8187971303689966e-13,
                                -2.351637403326852e-12,
                                -0.33021017607060654,
                                0
                        ]
                },
                "O-Zn": {
                        "r_min": 1.186837249462861,
                        "r_cut": 6.186837249462861,
                        "dr": 0.5,
                        "r": [
                                1.186837249462861,
                                1.686837249462861,
                                2.1868372494628607,
                                2.6868372494628607,
                                3.1868372494628607,
                                3.6868372494628607,
                                4.186837249462861,
                                4.686837249462861,
                                5.186837249462861,
                                5.686837249462861,
                                6.186837249462861
                        ],
                        "exp_a": 0.8603494081207838,
                        "exp_b": 3.8474743408026093,
                        "exp_c": -16.690936306724502,
                        "spl_a": [
                                0.1932863570740988,
                                -3.9454490664068187,
                                -3.0701293311280153,
                                -1.9639072418163295,
                                -1.2373194725221501,
                                -0.7342989493412232,
                                -0.4330632953167276,
                                -0.23988894774129652,
                                -0.10661731010740302,
                                -0.026654327526899776,
                                0
                        ],
                        "spl_b": [
                                -14.526330975378649,
                                -2.028610718545022,
                                3.0602797203460517,
                                1.676742784703751,
                                1.2296082924741356,
                                0.782473800250344,
                                0.46603356975702376,
                                0.3198519303211205,
                                0.21323462021444145,
                                0.10661731010749417,
                                0
                        ],
                        "spl_c": [
                                12.497720256833627,
                                12.497720256833627,
                                -2.319939379051477,
                                -0.44713449223312407,
                                -0.4471344922261062,
                                -0.4471344922214774,
                                -0.18574596876516328,
                                -0.10661731010664305,
                                -0.10661731010671517,
                                -0.1066173101071794,
                                0
                        ],
                        "spl_d": [
                                0.0,
                                -9.87843975725674,
                                1.2485365912122353,
                                4.678590848072872e-12,
                                3.0858648969456226e-12,
                                0.17425901563754276,
                                0.05275243910568015,
                                -4.808190882480782e-14,
                                -3.094839199728009e-13,
                                -4.197013107424633e-13,
                                0
                        ]
                },
                "Zn-Zn": {
                        "r_min": 1.8713203435596424,
                        "r_cut": 6.371320343559642,
                        "dr": 0.5,
                        "r": [
                                1.8713203435596424,
                                2.3713203435596424,
                                2.8713203435596424,
                                3.3713203435596424,
                                3.8713203435596424,
                                4.371320343559642,
                                4.871320343559642,
                                5.371320343559642,
                                5.871320343559642,
                                6.371320343559642
                        ],
                        "exp_a": 0.6494549700557111,
                        "exp_b": 4.5718302725898265,
                        "exp_c": -22.39968042590188,