{
        "Charge scaling factor": 0.0,
        "One_body": {
                "Cl": -0.6471238476352177
        },
        "Two_body": {
                "Na-Cl": {
                        "r_min": 0.848127458486637,
                        "r_cut": 6.098127458486637,
                        "dr": 0.25,
                        "r": [
                                0.848127458486637,
                                1.098127458486637,
                                1.348127458486637,
                                1.598127458486637,
                                1.848127458486637,
                                2.098127458486637,
                                2.348127458486637,
                                2.598127458486637,
                                2.848127458486637,
                                3.098127458486637,
                                3.348127458486637,
                                3.598127458486637,
                                3.848127458486637,
                                4.098127458486637,
                                4.348127458486637,
                                4.598127458486637,
                                4.848127458486637,
                                5.098127458486637,
                                5.348127458486637,
                                5.598127458486637,
                                5.848127458486637,
                                6.098127458486637
                        ],
                        "exp_a": 1.580482221597532,
                        "exp_b": 4.679437578202919,
                        "exp_c": -21.965322146196502,
                        "spl_a": [
                                6.225238933134207,
                                -0.5123136812018361,
                                -0.26980545718437965,
                                0.07202942565367283,
                                0.22868279773613615,
                                0.27678305733849146,
                                0.29710212145552395,
                                0.310555961790432,
                                0.3197198806818776,
                                0.32766573555894196,
                                0.32996306596094116,
                                0.33254661357355036,
                                0.28136043621948936,
                                0.02045169722534139,
                                -0.010316990371300476,
                                -0.004281813227195157,
                                -0.007204855269835422,
                                -0.00190716285879929,
                                -0.0019003838458044881,
                                -0.0009697466324090817,
                                -0.0005562961120323765,
                                0
                        ],
                        "spl_b": [
                                -44.55468060274151,
                                -9.345740311946827,
                                3.9971091667058047,
                                0.36942092738971044,
                                0.5070661827815294,
                                0.0593579217020061,
                                0.07653401504309826,
                                0.039780871548890595,
                                0.03575560947758616,
                                0.022513975762878724,
                                -0.002893289180340375,
                                0.047629717133783944,
                                -0.7708571362522167,
                                -0.7093401683034257,
                                0.10808869037644131,
                                -0.01981671863277823,
                                0.00852380537225228,
                                0.014217301564519502,
                                -0.0017393545419590595,
                                0.003989111319999239,
                                0.0019119620672274351,
                                0
                        ],
                        "spl_c": [
                                70.41788058158937,
                                70.41788058158937,
                                -17.046482666978847,
                                2.5357297097144684,
                                -1.9851486881471938,
                                0.1943156438291027,
                                -0.1256112704647352,
                                -0.021401303512095682,
                                0.005300255226877937,
                                -0.058266790085707676,
                                -0.04336226968716872,
                                0.24545429494366555,
                                -3.519401708487667,
                                3.76546958028283,
                                -0.49575414556336206,
                                -0.0158674904735161,
                                0.12922958649363814,
                                -0.10645560172456925,
                                0.042628977298655,
                                -0.019715113850821808,
                                0.011406516839734593,
                                0
                        ],
                        "spl_d": [
                                0.0,
                                -116.61915099809096,
                                26.10961650225775,
                                -6.02783786381555,
                                2.905952442635062,
                                -0.4265692190584505,
                                0.13894662260351934,
                                0.03560207831863149,
                                -0.08475606041678081,
                                0.019872693864718606,
                                0.3850887528411123,
                                -5.0198080045751095,
                                9.713161718360663,
                                -5.681631634461589,
                                0.6398488734531279,
                                0.19346276928953898,
                                -0.3142469176242765,
                                0.19877943869763232,
                                -0.08312545486596908,
                                0.04149550758740853,
                                -0.04061450926450523,
                                0
                        ]
                },
                "Cl-Cl": {
                        "r_min": 3.522683722305465,
                        "r_cut": 6.022683722305465,
                        "dr": 0.25,
                        "r": [
                                3.522683722305465,
                                3.772683722305465,
                                4.022683722305465,
                                4.272683722305465,
                                4.522683722305465,
                                4.772683722305465,
                                5.022683722305465,
                                5.272683722305465,
                                5.522683722305465,
                                5.772683722305465,
                                6.022683722305465
                        ],
                        "exp_a": 1.3057435886388375,
                        "exp_b": 1.89145166286819,
                        "exp_c": -0.05319590855223216,