{
        "Charge scaling factor": 0.0,
        "One_body": {
                "O": -1.462648274604038
        },
        "Two_body": {
                "O-O": {
                        "r_min": 0.9499,
                        "r_cut": 2.3899,
                        "dr": 0.02,
                        "r": [
                                0.9499,
                                0.9699,
                                0.9899,
                                1.0099,
                                1.0299,
                                1.0499,
                                1.0699,
                                1.0899,
                                1.1098999999999999,
                                1.1299,
                                1.1499,
                                1.1699,
                                1.1899,
                                1.2099,
                                1.2299,
                                1.2499,
                                1.2699,
                                1.2899,
                                1.3098999999999998,
                                1.3298999999999999,
                                1.3498999999999999,
                                1.3699,
                                1.3899,
                                1.4099,
                                1.4299,
                                1.4499,
                                1.5699,
                                1.5899,
                                1.6099,
                                1.6299000000000001,
                                1.6499000000000001,
                                1.6699,
                                1.6899,
                                1.7099,
                                1.7299,
                                1.7499,
                                1.7699,
                                1.7898999999999998,
                                1.8098999999999998,
                                1.8298999999999999,
                                1.8498999999999999,
                                1.8699,
                                1.8899,
                                1.9099,
                                1.9299,
                                1.9499,
                                1.9699,
                                1.9899,
                                2.0099,
                                2.0299,
                                2.0499,
                                2.0699,
                                2.0899,
                                2.1098999999999997,
                                2.1299,
                                2.1498999999999997,
                                2.1699,
                                2.1898999999999997,
                                2.2099,
                                2.2298999999999998,
                                2.2499000000000002,
                                2.2699,
                                2.2899000000000003,
                                2.3099,
                                2.3299000000000003,
                                2.3499,
                                2.3699,
                                2.3899
                        ],
                        "exp_a": 4.677958608991357,
                        "exp_b": 7.056799053889192,
                        "exp_c": -14.332340268834159,
                        "spl_a": [
                                -0.6896185609909307,
                                -1.8545713930654182,
                                -2.8413147779224075,
                                -3.682323575521549,
                                -4.390586940662125,
                                -4.982550510187393,
                                -5.471981016669642,
                                -5.871271450412395,
                                -6.191665426972844,
                                -6.443144176773333,
                                -6.634431259360616,
                                -6.773163333672536,
                                -6.866226556064286,
                                -6.919807380633906,
                                -6.939294125299117,
                                -6.929312471521716,
                                -6.893890723799773,
                                -6.836658077641881,
                                -6.760784616635009,
                                -6.668973780989976,
                                -6.5635093256040555,
                                -6.44640775551743,
                                -6.3194801974408445,
                                -6.184271394084387,
                                -6.042209280153379,
                                -5.894007786424464,
                                -4.937333369427792,
                                -4.772926032955319,
                                -4.6086054391639095,
                                -4.444757075488294,
                                -4.2817686154153405,
                                -4.11998120112292,
                                -3.959692519257996,
                                -3.8011771648724215,
                                -3.644604501288788,
                                -3.489979186243781,
                                -3.3374523970752596,
                                -3.187487530062316,
                                -3.0403287582309573,
                                -2.8959765238199466,
                                -2.754430954735078,
                                -2.6156921004692113,
                                -2.4797599851966234,
                                -2.3466346227923047,
                                -2.2163160221862723,
                                -2.088804189638578,
                                -1.9640991298419173,
                                -1.842200846513221,
                                -1.723109342737895,
                                -1.6068246211847674,
                                -1.4933466842498733,
                                -1.382675534160401,
                                -1.274811173056976,
                                -1.1697536030661453,
                                -1.0675028263722,
                                -0.9680588452975134,
                                -0.8714216624025144,
                                -0.7775912806202844,
                                -0.6865677034423735,
                                -0.5983509351455424,
                                -0.5129409807941667,
                                -0.430337843335322,
                                -0.3505414756438032,
                                -0.27220319403724497,
                                -0.1944572176170732,
                                -0.1219148260053771,
                                -0.044363224932412175,
                                0
                        ],