{
        "Charge scaling factor": 0.0,
        "One_body": {
                "Cl": -4.322256410136936
        },
        "Two_body": {
                "Cl-Cl": {
                        "r_min": 2.469656084221456,
                        "r_cut": 5.719656084221456,
                        "dr": 0.25,
                        "r": [
                                2.469656084221456,
                                2.719656084221456,
                                2.969656084221456,
                                3.219656084221456,
                                3.469656084221456,
                                3.719656084221456,
                                3.969656084221456,
                                4.219656084221456,
                                4.469656084221456,
                                4.719656084221456,
                                4.969656084221456,
                                5.219656084221456,
                                5.469656084221456,
                                5.719656084221456
                        ],
                        "exp_a": 0.6796830261983625,
                        "exp_b": 3.4396183775490092,
                        "exp_c": -3.589845161476375,
                        "spl_a": [
                                2.2286115489875096,
                                1.4079316529048211,
                                0.900503646693387,
                                0.5990534763030604,
                                0.4084277604734816,
                                0.2796479878440033,
                                0.18790234208480316,
                                0.12109528738698355,
                                0.07333452282968853,
                                0.041051012004942454,
                                0.02097004856719118,
                                0.009061890839754226,
                                0.002265472708858178,
                                0
                        ],
                        "spl_b": [
                                -3.9547062647722617,
                                -2.610732903889245,
                                -1.5396569472002297,
                                -0.9371774265309667,
                                -0.6165439813147682,
                                -0.4295125097186455,
                                -0.31171100047479167,
                                -0.22627589386642502,
                                -0.1579992551208833,
                                -0.10225839023453498,
                                -0.06134087509094505,
                                -0.036247563383943554,
                                -0.018123781673276787,
                                0
                        ],
                        "spl_c": [
                                2.6879467217660333,
                                2.6879467217660333,
                                1.5963571049900267,
                                0.8135609776870256,
                                0.4689728031777687,
                                0.27915308320672166,
                                0.19205295376869386,
                                0.1496874726647726,
                                0.12341908231739432,
                                0.099544377227999,
                                0.0641256833463607,
                                0.03624756348164528,
                                0.03624756336102177,
                                0
                        ],
                        "spl_d": [
                                0.0,
                                -1.4554528223680088,
                                -1.0437281697373346,
                                -0.4594508993456759,
                                -0.253092959961396,
                                -0.1161335059173704,
                                -0.05648730813856169,
                                -0.03502452046317102,
                                -0.031832940119193756,
                                -0.04722492517551772,
                                -0.03717082648628723,
                                -1.6083134823929868e-10,
                                -3.8581850677251353e-11,
                                0
                        ]
                },
                "Cl-Na": {
                        "r_min": 1.9363609659882477,
                        "r_cut": 5.686360965988248,
                        "dr": 0.25,
                        "r": [
                                1.9363609659882477,
                                2.1863609659882477,
                                2.4363609659882477,
                                2.6863609659882477,
                                2.9363609659882477,
                                3.1863609659882477,
                                3.4363609659882477,
                                3.6863609659882477,
                                3.9363609659882477,
                                4.186360965988248,
                                4.436360965988248,
                                4.686360965988248,
                                4.936360965988248,
                                5.186360965988248,
                                5.436360965988248,
                                5.686360965988248
                        ],
                        "exp_a": 1.1376350490487026,
                        "exp_b": 3.6812447806377566,
                        "exp_c": -4.035558108332615,
                        "spl_a": [
                                0.35024464945457623,
                                -0.5423557619997956,
                                -0.8018967645795391,
                                -0.763846291128854,
                                -0.6345785585427686,
                                -0.4931797277733294,
                                -0.36714630351576766,
                                -0.2645058653815018,
                                -0.18691737218253768,
                                -0.13001058759067147,
                                -0.08800759445685923,
                                -0.05604615786401461,
                                -0.03152596376217734,
                                -0.014011539449822885,
                                -0.0035028848624823195,
                                0
                        ],
                        "spl_b": [
                                -4.989442935473168,
                                -2.1513603561618075,
                                -0.23081260828898625,
                                0.4167244397690499,
                                0.5717333216540317,
                                0.5443410338811194,
                                0.46008960314550085,
                                0.3593869022388084,
                                0.2651099638980263,
                                0.19411657565904925,
                                0.1453410661739166,
                                0.11209231636516687,
                                0.08406923670159859,
                                0.05604615779873947,
                                0.02802307889978379,
                                0
                        ],