{
        "Charge scaling factor": 0.6705474932866353,
        "One_body": {
                "Cl": -2.5414935594135146
        },
        "Two_body": {
                "Cl-Cl": {
                        "r_min": 2.469656084221456,
                        "r_cut": 5.719656084221456,
                        "dr": 0.25,
                        "r": [
                                2.469656084221456,
                                2.719656084221456,
                                2.969656084221456,
                                3.219656084221456,
                                3.469656084221456,
                                3.719656084221456,
                                3.969656084221456,
                                4.219656084221456,
                                4.469656084221456,
                                4.719656084221456,
                                4.969656084221456,
                                5.219656084221456,
                                5.469656084221456,
                                5.719656084221456
                        ],
                        "exp_a": 0.5821479331997301,
                        "exp_b": 2.8479724162154216,
                        "exp_c": -2.888743433025218,
                        "spl_a": [
                                1.2083066838626035,
                                0.6988140432910516,
                                0.36405251895011814,
                                0.19064467828362225,
                                0.10161989476894828,
                                0.05230960953304237,
                                0.023230961754732413,
                                0.00547751152389598,
                                -0.0046329983302260385,
                                -0.008786924963406459,
                                -0.007716686895246901,
                                -0.004478997876479034,
                                -0.0018577215080922446,
                                0
                        ],
                        "spl_b": [
                                -2.385089257761959,
                                -1.6908518668104573,
                                -0.9825532539460369,
                                -0.47696749749454737,
                                -0.25876824624981215,
                                -0.14798034251316228,
                                -0.08997757986812907,
                                -0.054094514124078064,
                                -0.02801188465506016,
                                -0.005031185103310581,
                                0.011132362288052141,
                                0.012196860994231102,
                                0.010387778380879327,
                                0
                        ],
                        "spl_c": [
                                1.3884747819030028,
                                1.3884747819030028,
                                1.4447196695546796,
                                0.5776233562512784,
                                0.2951736487276626,
                                0.14797796621893686,
                                0.08403308436119597,
                                0.059499178615008114,
                                0.04483133926106349,
                                0.047091458945934826,
                                0.01756273061951607,
                                -0.013304735794800234,
                                0.006068405341393128,
                                0
                        ],
                        "spl_d": [
                                0.0,
                                0.07499318353556905,
                                -1.1561284177378681,
                                -0.3765996100314877,
                                -0.19626091001163432,
                                -0.08525984247698784,
                                -0.03271187432825047,
                                -0.019557119138592833,
                                0.003013492913161784,
                                -0.03937163776855834,
                                -0.04115662188575507,
                                0.02583085484825782,
                                -0.07158389894173808,
                                0
                        ]
                },
                "Cl-Na": {
                        "r_min": 1.9363609659882477,
                        "r_cut": 5.686360965988248,
                        "dr": 0.25,
                        "r": [
                                1.9363609659882477,
                                2.1863609659882477,
                                2.4363609659882477,
                                2.6863609659882477,
                                2.9363609659882477,
                                3.1863609659882477,
                                3.4363609659882477,
                                3.6863609659882477,
                                3.9363609659882477,
                                4.186360965988248,
                                4.436360965988248,
                                4.686360965988248,
                                4.936360965988248,
                                5.186360965988248,
                                5.436360965988248,
                                5.686360965988248
                        ],
                        "exp_a": 0.9569594234106144,
                        "exp_b": 3.7741313568946007,
                        "exp_c": -4.877776071425676,
                        "spl_a": [
                                1.9507748231540896,
                                0.707950240808675,
                                0.1685465004939809,
                                -0.012796660427222,
                                -0.05677893454875735,
                                -0.053112164991984366,
                                -0.03703171522604052,
                                -0.020633524965114017,
                                -0.00840359839506009,
                                -0.0027667557360085988,
                                -0.0010073595852402415,
                                -0.0004932188654063753,
                                -0.00032616976081096296,
                                -0.00025133710125708645,
                                -6.961399980557413e-05,
                                0
                        ],
                        "spl_b": [
                                -6.534646126807086,
                                -3.4079505319562293,
                                -1.2202916172892992,
                                -0.35984581371733854,
                                -0.04423034835420593,
                                0.052981152357013894,
                                0.06927237079875226,
                                0.05967304477042122,
                                0.03557285209132805,
                                0.012436777613531503,
                                0.0034349031723839947,
                                0.0011060521441592014,
                                0.000315166144130541,
                                0.0005358644491100976,
                                0.0006200451914937349,
                                0
                        ],