{
        "Charge scaling factor": 0.671468519733915,
        "One_body": {
                "Cl": -2.536998039284273
        },
        "Two_body": {
                "Cl-Cl": {
                        "r_min": 2.469656084221456,
                        "r_cut": 5.719656084221456,
                        "dr": 0.25,
                        "r": [
                                2.469656084221456,
                                2.719656084221456,
                                2.969656084221456,
                                3.219656084221456,
                                3.469656084221456,
                                3.719656084221456,
                                3.969656084221456,
                                4.219656084221456,
                                4.469656084221456,
                                4.719656084221456,
                                4.969656084221456,
                                5.219656084221456,
                                5.469656084221456,
                                5.719656084221456
                        ],
                        "exp_a": 0.7630470299525337,
                        "exp_b": 3.272690205658111,
                        "exp_c": -2.6806256889906726,
                        "spl_a": [
                                1.3271101997507426,
                                0.7084291599095606,
                                0.36138947612900274,
                                0.1893957215682138,
                                0.10066516162671384,
                                0.05161023029918114,
                                0.022727200093907343,
                                0.005124270856590518,
                                -0.004865082737837365,
                                -0.00892878233994449,
                                -0.0077698465077443955,
                                -0.004489847372076254,
                                -0.0018645754219251576,
                                0
                        ],
                        "spl_b": [
                                -3.0580909667383143,
                                -1.8913573519911429,
                                -0.9651283087579955,
                                -0.47653067307303737,
                                -0.25744077297732126,
                                -0.1471321302460694,
                                -0.0892862444320791,
                                -0.0535544053367016,
                                -0.02760352820205099,
                                -0.004668120213514561,
                                0.011418843817224866,
                                0.012259964559033925,
                                0.01040455097647028,
                                0
                        ],
                        "spl_c": [
                                2.3334672294943433,
                                2.3334672294943433,
                                1.371448943438246,
                                0.5829415993015866,
                                0.29341800108127797,
                                0.1478165698437295,
                                0.08356697341223165,
                                0.0593603829692783,
                                0.04444312556932416,
                                0.04729850638482156,
                                0.017049349738136155,
                                -0.013684866770899924,
                                0.006263212440645337,
                                0
                        ],
                        "spl_d": [
                                0.0,
                                -1.2826910480747964,
                                -1.0513431255155457,
                                -0.38603146429374485,
                                -0.1941352416500646,
                                -0.08566612857533047,
                                -0.032275453923937804,
                                -0.01988967653327219,
                                0.0038071744206632043,
                                -0.040332208862247206,
                                -0.040978955345381436,
                                0.026597438948727008,
                                -0.07219283838289571,
                                0
                        ]
                },
                "Cl-Na": {
                        "r_min": 1.9363609659882477,
                        "r_cut": 5.686360965988248,
                        "dr": 0.25,
                        "r": [
                                1.9363609659882477,
                                2.1863609659882477,
                                2.4363609659882477,
                                2.6863609659882477,
                                2.9363609659882477,
                                3.1863609659882477,
                                3.4363609659882477,
                                3.6863609659882477,
                                3.9363609659882477,
                                4.186360965988248,
                                4.436360965988248,
                                4.686360965988248,
                                4.936360965988248,
                                5.186360965988248,
                                5.436360965988248,
                                5.686360965988248
                        ],
                        "exp_a": 0.9590017917553924,
                        "exp_b": 3.781383312846695,
                        "exp_c": -4.890440458723386,
                        "spl_a": [
                                1.9606626493147652,
                                0.7119109166584102,
                                0.17138421120885894,
                                -0.010583175676818896,
                                -0.05505847698613611,
                                -0.05180955861161619,
                                -0.0360485755711059,
                                -0.01991666315616441,
                                -0.007871133702016751,
                                -0.002393142877440577,
                                -0.0007574192445539475,
                                -0.0003348393832478267,
                                -0.00023701405857512437,
                                -0.00021221672378977805,
                                -5.802372827299177e-05,
                                0
                        ],
                        "spl_b": [
                                -6.570220156109526,
                                -3.4197937051413114,
                                -1.221946280596101,
                                -0.362350280497035,
                                -0.04596485575569962,
                                0.05149310830226604,
                                0.06811123952699802,
                                0.0587766790551631,
                                0.0349113466814194,
                                0.011860177563845251,
                                0.0030125165527530944,
                                0.0007893981554553688,
                                7.475305717130664e-05,
                                0.00038306152935598675,
                                0.0005408847890303375,
                                0
                        ],