{
        "Charge scaling factor": 0.0,
        "One_body": {
                "Zn": -5.723766297301185
        },
        "Two_body": {
                "O-Zn": {
                        "r_min": 3.117969,
                        "r_cut": 8.0,
                        "dr": 0.24410154999999997,
                        "r": [
                                3.117969,
                                3.36207055,
                                3.6061720999999998,
                                3.85027365,
                                4.0943752,
                                4.33847675,
                                4.5825783,
                                4.82667985,
                                5.0707813999999996,
                                5.314882949999999,
                                5.558984499999999,
                                5.803086049999999,
                                6.047187599999999,
                                6.291289149999999,
                                6.5353907,
                                6.77949225,
                                7.0235937999999996,
                                7.26769535,
                                7.5117969,
                                7.75589845,
                                8.0
                        ],
                        "exp_a": 2.906794497748895,
                        "exp_b": 9.796118614321003,
                        "exp_c": -1.4128993680376323,
                        "spl_a": [
                                0.6680484693500852,
                                -0.36057309253399517,
                                -0.7667622204996369,
                                -0.8358233308798249,
                                -0.7343566332731652,
                                -0.5516814548672603,
                                -0.3592930353919794,
                                -0.2553592382268348,
                                -0.18581695456067038,
                                -0.12887367396156324,
                                -0.0837462307703871,
                                -0.050182430164486376,
                                -0.028053546210439952,
                                -0.015881676599910174,
                                -0.00809753718735646,
                                -0.0033008655860340065,
                                -0.0011278448606814298,
                                -0.00019948406833080783,
                                -1.8545255154610676e-05,
                                -3.3638182658247373e-06
                        ],
                        "spl_b": [
                                -6.04888772382108,
                                -2.6899529719412025,
                                -0.8250764523070613,
                                0.14944902376524566,
                                0.6255439556518062,
                                0.8404694399509638,
                                0.6220975343957142,
                                0.3129306934467474,
                                0.2581950046816644,
                                0.2087927016550403,
                                0.1610800181935215,
                                0.11400001691214412,
                                0.06738117087602423,
                                0.038030429789727156,
                                0.02575580278881376,
                                0.01356411155035604,
                                0.0056450398718160145,
                                0.001971605543702683,
                                0.00010179352500091207,
                                3.153176232509142e-05
                        ],
                        "spl_c": [
                                8.79143677655198,
                                4.968962335538373,
                                2.670794641154901,
                                1.3215006804942468,
                                0.6288963238941346,
                                0.25157938098835286,
                                -1.1461738870668665,
                                -0.12037620632240983,
                                -0.10385706366331143,
                                -0.09852716137181877,
                                -0.09693527408391196,
                                -0.09593528032828823,
                                -0.0950460798315301,
                                -0.0251938001950289,
                                -0.025091120162557337,
                                -0.024854040933133065,
                                -0.007587668996771227,
                                -0.007461126588972988,
                                -0.00019884942798295357,
                                -8.89888207943307e-05
                        ],
                        "spl_d": [
                                -5.219787203336217,
                                -3.138267242169599,
                                -1.8425309202401656,
                                -0.9457871892526049,
                                -0.5152458650996985,
                                -1.9087046191161288,
                                1.4007799632904927,
                                0.022557746504953107,
                                0.007278258155936417,
                                0.002173804697139108,
                                0.0013655433645324187,
                                0.0012142494203172516,
                                0.09538691258686018,
                                0.00014021491256618968,
                                0.00032374399018806244,
                                0.023578126857943405,
                                0.00017280022433045956,
                                0.009917016314166567,
                                0.00015002035995350147,
                                6.664284943110601e-05
                        ]
                }
        }
}