{
        "Charge scaling factor": 0.0,
        "One_body": {
                "Zn": -6.021964696332159
        },
        "Two_body": {
                "O-Zn": {
                        "r_min": 2.0,
                        "r_cut": 8.0,
                        "dr": 2.0,
                        "r": [
                                2.0,
                                4.0,
                                6.0,
                                8.0
                        ],
                        "exp_a": 0.5073155236090423,
                        "exp_b": 5.243463661461533,
                        "exp_c": -46.70554277452088,
                        "spl_a": [
                                21.93151668660246,
                                -0.6722906735829788,
                                -0.10049396728392372,
                                0
                        ],
                        "spl_b": [
                                -34.82064575950475,
                                0.4054722069550828,
                                0.15074095085484637,
                                0
                        ],
                        "spl_c": [
                                17.66505413588813,
                                -0.051995152658214625,
                                -0.07537047539190357,
                                0
                        ],
                        "spl_d": [
                                -2.9528415480910577,
                                -0.003895887122281491,
                                0.01256174589273066,
                                0
                        ]
                }
        }
}