{
        "Charge scaling factor": 0.0,
        "One_body": {
                "Zn": -5.577934929292725
        },
        "Two_body": {
                "Zn-O": {
                        "r_min": 3.117969,
                        "r_cut": 5.0,
                        "dr": 0.3136718333333333,
                        "r": [
                                3.117969,
                                3.4316408333333333,
                                3.7453126666666665,
                                4.0589845,
                                4.3726563333333335,
                                4.686328166666667,
                                5.0
                        ],
                        "exp_a": 2.6904140361204933,
                        "exp_b": 9.09820584838707,
                        "exp_c": -1.5275180793065959,
                        "spl_a": [
                                0.5056155988071429,
                                -0.5943184560581669,
                                -0.8730964061601465,
                                -0.7998754575437677,
                                -0.5269393003554266,
                                -0.15203682313138348
                        ],
                        "spl_b": [
                                -5.469971384906486,
                                -1.8880497175061706,
                                -0.16401854292137213,
                                0.5781488193119293,
                                1.1621168219885925,
                                0.9694005467754874
                        ],
                        "spl_c": [
                                7.3582438955649385,
                                4.061084481280025,
                                1.4352049249565322,
                                0.9308582128981596,
                                0.9308582073202003,
                                -1.5452464141449722
                        ],
                        "spl_d": [
                                -3.5038311422977775,
                                -2.7904742868990926,
                                -0.5359600474788906,
                                -5.927595578032985e-09,
                                -2.6313111967498655,
                                1.55088150126797e-08
                        ]
                }
        }
}