{
        "Charge scaling factor": 0.0,
        "One_body": {
                "Zn": -6.440063015538498
        },
        "Two_body": {
                "O-Zn": {
                        "r_n": [
                                3.0,
                                3.25,
                                3.5,
                                3.75,
                                4.0,
                                4.25,
                                4.5,
                                4.75,
                                5.0,
                                5.25,
                                5.5,
                                5.75,
                                6.0,
                                6.25,
                                6.5,
                                6.75,
                                7.0,
                                7.25,
                                7.5,
                                7.75,
                                8.0
                        ],
                        "exp_a": 4.6817988580891905,
                        "exp_b": 13.599751222122746,
                        "exp_c": 10.989621489312404,
                        "spl_a": [
                                11.63003234144008,
                                10.945242289644831,
                                8.724238582956849,
                                6.984048286273699,
                                5.504601077380946,
                                4.159241634472392,
                                2.862382296559258,
                                1.5802892256695906,
                                0.5056070343580408,
                                -0.11166427737539135,
                                -0.1824863735840595,
                                -0.1418478519830849,
                                -0.10694390139818905,
                                -0.07724485743919225,
                                -0.052743605778251657,
                                -0.03343457157972221,
                                -0.019315170528060054,
                                -0.010017839061189748,
                                -0.004075658660493162,
                                -0.0009594861328531426
                        ],
                        "spl_b": [
                                -2.9982747961992784,
                                -5.730260908415271,
                                -8.950206671938409,
                                -6.003240444284685,
                                -5.672481617833679,
                                -5.20451290599628,
                                -5.2160921280414625,
                                -4.878547487471483,
                                -3.551021068487212,
                                -1.2208102751194534,
                                0.1771412736598226,
                                0.15004228518784052,
                                0.12919925181926076,
                                0.10839664206182803,
                                0.08761772737267579,
                                0.06685587876110935,
                                0.04609998058518608,
                                0.029744989120535893,
                                0.01779420534347304,
                                0.0077784246456112285
                        ],
                        "spl_c": [
                                14.03731951708338,
                                -24.96526396594735,
                                12.085480911854802,
                                -0.29761600123991155,
                                1.6206513070439375,
                                0.2512235403056607,
                                -0.297540428486393,
                                1.6477189907663143,
                                3.662386685170768,
                                5.658456488300266,
                                -0.06665029318316153,
                                -0.04174566070476682,
                                -0.041626472769552204,
                                -0.041583966260178754,
                                -0.04153169249643024,
                                -0.04151570194983551,
                                -0.04150789075385756,
                                -0.023912075104743167,
                                -0.023891060003508262,
                                -0.016172062787938982
                        ],
                        "spl_d": [
                                -52.003444644040975,
                                49.40099317040287,
                                -16.510795884126285,
                                2.5576897443784654,
                                -1.8259036889843692,
                                -0.7316852917227382,
                                2.5936792256702765,
                                2.686223592539271,
                                2.6614264041726643,
                                -7.63347570864457,
                                0.03320617663785961,
                                0.00015891724695281847,
                                5.66753458312678e-05,
                                6.969835166468578e-05,
                                2.1320728792971016e-05,
                                1.0414927970603394e-05,
                                0.023461087532152522,
                                2.8020134979873473e-05,
                                0.010291996287425706,
                                0.0016405693245773966
                        ]
                }
        }
}