{
        "Charge scaling factor": 0.0,
        "One_body": {
                "O": -1.5109880948047139
        },
        "Two_body": {
                "O-O": {
                        "r_min": 0.9799999999999999,
                        "r_cut": 2.38,
                        "dr": 0.1,
                        "r": [
                                0.9799999999999999,
                                1.0799999999999998,
                                1.18,
                                1.2799999999999998,
                                1.38,
                                1.48,
                                1.58,
                                1.68,
                                1.7799999999999998,
                                1.88,
                                1.98,
                                2.08,
                                2.1799999999999997,
                                2.2800000000000002,
                                2.38
                        ],
                        "exp_a": 3.88985956770488,
                        "exp_b": 6.3516469963472275,
                        "exp_c": -14.949244806184659,
                        "spl_a": [
                                -2.2748396233964714,
                                -5.586365927668508,
                                -6.728164767360267,
                                -6.770313947272669,
                                -6.286959203949359,
                                -5.565653971524782,
                                -4.758926456124015,
                                -3.9366658096214073,
                                -3.164294424767512,
                                -2.456302114683521,
                                -1.8126891943088341,
                                -1.2334556672817139,
                                -0.7186015340922833,
                                -0.26812679520240945,
                                0
                        ],
                        "spl_b": [
                                -49.30165626523697,
                                -19.920128530390095,
                                -4.617583932116522,
                                2.872023670731396,
                                6.365656151518164,
                                7.805150995632535,
                                8.254722300711986,
                                8.045604658620764,
                                7.401820005500099,
                                6.758026167515449,
                                6.114232238198414,
                                5.470438301745075,
                                4.826644361317848,
                                4.182850415362651,
                                0
                        ],
                        "spl_c": [
                                191.77651932702926,
                                102.03875802143956,
                                50.98668796129604,
                                23.909388067183244,
                                11.026936740684405,
                                3.3680117004592955,
                                1.12770135033521,
                                -3.2188777712474272,
                                -3.218968759959244,
                                -3.2189696198872477,
                                -3.2189696732830946,
                                -3.21896969125029,
                                -3.2189697130220054,
                                -3.2189697465299227,
                                0
                        ],
                        "spl_d": [
                                -299.1258710186324,
                                -170.17356686714493,
                                -90.25766631370945,
                                -42.941504421662756,
                                -25.529750134083677,
                                -7.4677011670802775,
                                -14.488597071942145,
                                -0.00030329570605521443,
                                -2.8664266797188486e-06,
                                -1.7798615618384382e-07,
                                -5.989065095709136e-08,
                                -7.257238513839588e-08,
                                -1.1169305776566732e-07,
                                -117.9685488685565,
                                0
                        ]
                }
        }
}