{
        "Charge scaling factor": 0.0,
        "One_body": {
                "O": -1.466348773160816
        },
        "Two_body": {
                "O-O": {
                        "r_min": 0.9499,
                        "r_cut": 2.3899,
                        "dr": 0.02,
                        "r": [
                                0.9499,
                                0.9699,
                                0.9899,
                                1.0099,
                                1.0299,
                                1.0499,
                                1.0699,
                                1.0899,
                                1.1098999999999999,
                                1.1299,
                                1.1499,
                                1.1699,
                                1.1899,
                                1.2099,
                                1.2299,
                                1.2499,
                                1.2699,
                                1.2899,
                                1.3098999999999998,
                                1.3298999999999999,
                                1.3498999999999999,
                                1.3699,
                                1.3899,
                                1.4099,
                                1.4299,
                                1.4499,
                                1.4699,
                                1.4899,
                                1.5099,
                                1.5299,
                                1.5499,
                                1.5699,
                                1.5899,
                                1.6099,
                                1.6299000000000001,
                                1.6499000000000001,
                                1.6699,
                                1.6899,
                                1.7099,
                                1.7299,
                                1.7499,
                                1.7699,
                                1.7898999999999998,
                                1.8098999999999998,
                                1.8298999999999999,
                                1.8498999999999999,
                                1.8699,
                                1.8899,
                                1.9099,
                                1.9299,
                                1.9499,
                                1.9699,
                                1.9899,
                                2.0099,
                                2.0299,
                                2.0499,
                                2.0699,
                                2.0899,
                                2.1098999999999997,
                                2.1299,
                                2.1498999999999997,
                                2.1699,
                                2.1898999999999997,
                                2.2099,
                                2.2298999999999998,
                                2.2499000000000002,
                                2.2699,
                                2.2899000000000003,
                                2.3099,
                                2.3299000000000003,
                                2.3499,
                                2.3699,
                                2.3899
                        ],
                        "exp_a": 5.358287346888283,
                        "exp_b": 7.569454619173056,
                        "exp_c": -12.620432952541005,
                        "spl_a": [
                                -0.6837355725331333,
                                -1.845799971055248,
                                -2.83420575727877,
                                -3.6749240124097855,
                                -4.3831365603371175,
                                -4.9751928361308355,
                                -5.464539608272755,
                                -5.863910789405324,
                                -6.184223285516049,
                                -6.435777899390901,
                                -6.626993351059686,
                                -6.765800033813274,
                                -6.858790155021545,
                                -6.912437065755232,
                                -6.931861590990691,
                                -6.921939021279405,
                                -6.886467351792849,
                                -6.82927482097002,
                                -6.753367421558096,
                                -6.661583768018107,
                                -6.556100588391849,
                                -6.439013517385104,
                                -6.312072494903484,
                                -6.176888850174098,
                                -6.03475083110921,
                                -5.886870030721648,
                                -5.7342924587150605,
                                -5.577932272605062,
                                -5.418607528442703,
                                -5.257057540399046,
                                -5.093956365791034,
                                -4.9299245115641,
                                -4.765533151393918,
                                -4.601215924595254,
                                -4.437282997861944,
                                -4.27435474284844,
                                -4.112729710353268,
                                -3.9524510877955885,
                                -3.7935206233614145,
                                -3.636137739760464,
                                -3.4811343906070116,
                                -3.328856327954731,
                                -3.1793403427469746,
                                -3.0325864573251375,
                                -2.888594678176416,
                                -2.747365008164991,
                                -2.608897448805289,
                                -2.4731920010385218,
                                -2.3402486654980206,
                                -2.210067442614331,
                                -2.0826483326905665,
                                -1.9579913359594767,
                                -1.8360964526145065,
                                -1.7169636828195989,
                                -1.600593026710219,
                                -1.4869844843960576,
                                -1.3761380559687897,
                                -1.2680537415118038,
                                -1.1627315411073673,
                                -1.0601714548399217,
                                -0.960373482797409,
                                -0.8633376250732242,
                                -0.7690638817704037,
                                -0.6775522530084312,
                                -0.5888027389330325,
                                -0.5028153397309001,
                                -0.41959005565369417,
                                -0.339126887062385,
                                -0.2614258345157956,
                                -0.18648689898199314,
                                -0.11431008249327099,
                                -0.044895391489076786,
                                0
                        ],