{
        "Charge scaling factor": 0.0,
        "One_body": {
                "O": -1.4797491448403783
        },
        "Two_body": {
                "O-O": {
                        "r_min": 0.9499,
                        "r_cut": 2.3899,
                        "dr": 0.02,
                        "r": [
                                0.9499,
                                0.9699,
                                0.9899,
                                1.0099,
                                1.0299,
                                1.1098999999999999,
                                1.1299,
                                1.1499,
                                1.1699,
                                1.1899,
                                1.2099,
                                1.2299,
                                1.2499,
                                1.2699,
                                1.2899,
                                1.3098999999999998,
                                1.3298999999999999,
                                1.3498999999999999,
                                1.3699,
                                1.3899,
                                1.4099,
                                1.4299,
                                1.4499,
                                1.5699,
                                1.5899,
                                1.6099,
                                1.6299000000000001,
                                1.6499000000000001,
                                1.6699,
                                1.6899,
                                1.7099,
                                1.7299,
                                1.7499,
                                1.7699,
                                1.7898999999999998,
                                1.8098999999999998,
                                1.8298999999999999,
                                1.8498999999999999,
                                1.8699,
                                1.8899,
                                1.9099,
                                1.9299,
                                1.9499,
                                1.9699,
                                1.9899,
                                2.0099,
                                2.0299,
                                2.0499,
                                2.0699,
                                2.0899,
                                2.1098999999999997,
                                2.1299,
                                2.1498999999999997,
                                2.1699,
                                2.1898999999999997,
                                2.2099,
                                2.2298999999999998,
                                2.2499000000000002,
                                2.2699,
                                2.2899000000000003,
                                2.3099,
                                2.3299000000000003,
                                2.3499,
                                2.3699,
                                2.3899
                        ],
                        "exp_a": 3.08755247201651,
                        "exp_b": 5.913932128716187,
                        "exp_c": -20.38381768280938,
                        "spl_a": [
                                -0.6750019347403559,
                                -1.816887475178216,
                                -2.808463999424978,
                                -3.6497335543036358,
                                -4.346102547965352,
                                -6.158335340701015,
                                -6.4096619388261855,
                                -6.599246382788081,
                                -6.738932738076672,
                                -6.832333336834464,
                                -6.885623720081382,
                                -6.9049799395550835,
                                -6.89518285402338,
                                -6.859719370811583,
                                -6.802404436203628,
                                -6.726611258221155,
                                -6.634836077688804,
                                -6.529247973769557,
                                -6.412101990888841,
                                -6.28526178439016,
                                -6.150589635396124,
                                -6.00808648160663,
                                -5.858087673789152,
                                -4.903294066357537,
                                -4.738771932103981,
                                -4.574241386602959,
                                -4.410595841756888,
                                -4.247835308791943,
                                -4.085959792717093,
                                -3.9249692966288054,
                                -3.7654768469801105,
                                -3.608096823034068,
                                -3.45344360426896,
                                -3.301518545634706,
                                -3.1523216484564025,
                                -3.0058529129960623,
                                -2.862112339355877,
                                -2.721099927587861,
                                -2.5828156777227957,
                                -2.4472595897808262,
                                -2.314431663776138,
                                -2.1843318997193015,
                                -2.0569602976185695,
                                -1.9323168574806338,
                                -1.8104015793111046,
                                -1.6912144631148258,
                                -1.574755508896091,
                                -1.4610247166588004,
                                -1.3500220864065804,
                                -1.2417476181428773,
                                -1.1362013118710417,
                                -1.0333831675943927,
                                -0.9332931853163173,
                                -0.8359313650403211,
                                -0.7412977067701644,
                                -0.6493922105099603,
                                -0.5602148762643958,
                                -0.4737657040389847,
                                -0.3900446938405762,
                                -0.309051845678197,
                                -0.23078715956491644,
                                -0.15525063552259047,
                                -0.08244227360053115,
                                -0.023360066586239524,
                                0
                        ],