{
        "Charge scaling factor": 0.0,
        "One_body": {
                "O": -1.5341119186510401
        },
        "Two_body": {
                "O-O": {
                        "r_min": 0.9499,
                        "r_cut": 2.3899,
                        "dr": 0.02,
                        "r": [
                                0.9499,
                                0.9699,
                                0.9899,
                                1.0099,
                                1.0299,
                                1.0499,
                                1.0699,
                                1.0899,
                                1.1098999999999999,
                                1.1299,
                                1.1499,
                                1.1699,
                                1.1899,
                                1.2099,
                                1.2299,
                                1.2499,
                                1.2699,
                                1.2899,
                                1.3098999999999998,
                                1.3298999999999999,
                                1.3498999999999999,
                                1.3699,
                                1.3899,
                                1.4099,
                                1.4299,
                                1.4499,
                                1.4699,
                                1.4899,
                                1.5099,
                                1.5299,
                                1.5499,
                                1.5699,
                                1.5899,
                                1.6099,
                                1.6299000000000001,
                                1.6499000000000001,
                                1.6699,
                                1.6899,
                                1.7099,
                                1.7299,
                                1.7499,
                                1.7699,
                                1.7898999999999998,
                                1.8098999999999998,
                                1.8298999999999999,
                                1.8498999999999999,
                                1.8699,
                                1.8899,
                                1.9099,
                                1.9299,
                                1.9499,
                                1.9699,
                                1.9899,
                                2.0099,
                                2.0299,
                                2.0499,
                                2.0699,
                                2.0899,
                                2.1098999999999997,
                                2.1299,
                                2.1498999999999997,
                                2.1699,
                                2.1898999999999997,
                                2.2099,
                                2.2298999999999998,
                                2.2499000000000002,
                                2.2699,
                                2.2899000000000003,
                                2.3099,
                                2.3299000000000003,
                                2.3499,
                                2.3699,
                                2.3899
                        ],
                        "exp_a": 3.3012177088907597,
                        "exp_b": 6.06015458056584,
                        "exp_c": -19.183290419602017,
                        "spl_a": [
                                -0.5615846183571762,
                                -1.709894691902274,
                                -2.698466145747309,
                                -3.539645480566837,
                                -4.247211571885597,
                                -4.839356823208841,
                                -5.3292867796780605,
                                -5.728534878503127,
                                -6.048634556893902,
                                -6.300299278978836,
                                -6.491431728589225,
                                -6.630298612077692,
                                -6.7232481377751006,
                                -6.776918179512342,
                                -6.796335636224097,
                                -6.786405810222544,
                                -6.750952395031196,
                                -6.6937362404236005,
                                -6.61785036503871,
                                -6.526052373207207,
                                -6.420564653100468,
                                -6.303557252755002,
                                -6.176281107159025,
                                -6.041069423047462,
                                -5.899676632864442,
                                -5.752432062415228,
                                -5.59951536276767,
                                -5.441799337634428,
                                -5.2803306770549225,
                                -5.116156071068585,
                                -4.950322209714838,
                                -4.7838757830331105,
                                -4.617967358229888,
                                -4.453884697696705,
                                -4.29190617800777,
                                -4.132031824287805,
                                -3.974261644987056,
                                -3.818595644205365,
                                -3.665033824312413,
                                -3.5135761868334376,
                                -3.36422273282845,
                                -3.216973463079472,
                                -3.071828378192552,
                                -2.9287874786577626,
                                -2.787850764830737,
                                -2.6490182367951784,
                                -2.512289894569989,
                                -2.377665738174073,
                                -2.245145767626332,
                                -2.1147299829456676,
                                -1.9864183841509842,
                                -1.860210971261183,
                                -1.7361077442951673,
                                -1.614108703271839,
                                -1.4942138482101015,
                                -1.376423179128857,
                                -1.2607366960470079,
                                -1.1471543989834567,
                                -1.0356762880028418,
                                -0.9263023633575315,
                                -0.8190326253723379,
                                -0.7138670744188783,
                                -0.6108057109466509,
                                -0.509848535549835,
                                -0.41099554916974645,
                                -0.3160460285632173,
                                -0.23219707563288286,
                                -0.16124796443805037,
                                -0.10319869383813424,
                                -0.05804926299262123,
                                -0.025799671114233785,
                                -0.006449917297028526,
                                0
                        ],