{
        "Charge scaling factor": 0.0,
        "One_body": {
                "O": -1.4663487681220133
        },
        "Two_body": {
                "O-O": {
                        "r_min": 0.9499,
                        "r_cut": 2.3899,
                        "dr": 0.02,
                        "r": [
                                0.9499,
                                0.9699,
                                0.9899,
                                1.0099,
                                1.0299,
                                1.0499,
                                1.0699,
                                1.0899,
                                1.1098999999999999,
                                1.1299,
                                1.1499,
                                1.1699,
                                1.1899,
                                1.2099,
                                1.2299,
                                1.2499,
                                1.2699,
                                1.2899,
                                1.3098999999999998,
                                1.3298999999999999,
                                1.3498999999999999,
                                1.3699,
                                1.3899,
                                1.4099,
                                1.4299,
                                1.4499,
                                1.4699,
                                1.4899,
                                1.5099,
                                1.5299,
                                1.5499,
                                1.5699,
                                1.5899,
                                1.6099,
                                1.6299000000000001,
                                1.6499000000000001,
                                1.6699,
                                1.6899,
                                1.7099,
                                1.7299,
                                1.7499,
                                1.7699,
                                1.7898999999999998,
                                1.8098999999999998,
                                1.8298999999999999,
                                1.8498999999999999,
                                1.8699,
                                1.8899,
                                1.9099,
                                1.9299,
                                1.9499,
                                1.9699,
                                1.9899,
                                2.0099,
                                2.0299,
                                2.0499,
                                2.0699,
                                2.0899,
                                2.1098999999999997,
                                2.1299,
                                2.1498999999999997,
                                2.1699,
                                2.1898999999999997,
                                2.2099,
                                2.2298999999999998,
                                2.2499000000000002,
                                2.2699,
                                2.2899000000000003,
                                2.3099,
                                2.3299000000000003,
                                2.3499,
                                2.3699,
                                2.3899
                        ],
                        "exp_a": 5.3469340983792675,
                        "exp_b": 7.560549879719859,
                        "exp_c": -12.64297861274803,
                        "spl_a": [
                                -0.6838225864515486,
                                -1.8457936582317995,
                                -2.834208332917452,
                                -3.6749216946470806,
                                -4.38313881276353,
                                -4.97519068249929,
                                -5.464541701802168,
                                -5.863908797851691,
                                -6.184225215938143,
                                -6.43577606616211,
                                -6.62699513509693,
                                -6.765798328148314,
                                -6.858791838408809,
                                -6.912435423646657,
                                -6.931863260023155,
                                -6.921937329536166,
                                -6.886469147975568,
                                -6.829272916971393,
                                -6.753369524333091,
                                -6.661581441154019,
                                -6.556103259691926,
                                -6.439010446015665,
                                -6.312076158167867,
                                -6.176884327534777,
                                -6.034757222927793,
                                -5.886849018164584,
                                -5.734222821450755,
                                -5.577842134361153,
                                -5.418535603761697,
                                -5.25702198755536,
                                -5.093947547022525,
                                -4.929926414843572,
                                -4.765532543333497,
                                -4.601215987851482,
                                -4.4372831122188074,
                                -4.274354667206775,
                                -4.112729686746798,
                                -3.9524511422433224,
                                -3.7935206929023555,
                                -3.6361377565635364,
                                -3.4811343894044553,
                                -3.328856325262648,
                                -3.1793403404222107,
                                -3.03258645600231,
                                -2.8885946781394782,
                                -2.7473650095428965,
                                -2.608897451644941,
                                -2.4731920053358945,
                                -2.3402486712148196,
                                -2.2100674496890056,
                                -2.0826483410452643,
                                -1.957991345503861,
                                -1.8360964632478667,
                                -1.7169636944324411,
                                -1.6005930391858219,
                                -1.4869844976118962,
                                -1.3761380697975345,
                                -1.2680537558217704,
                                -1.1627315557625706,
                                -1.0601714696999476,
                                -0.9603734977172206,
                                -0.8633376399028656,
                                -0.7690638963544775,
                                -0.6775522671852007,
                                -0.5888027525329879,
                                -0.5028153525745149,
                                -0.4195900675478664,
                                -0.33912689779444233,
                                -0.2614258438426412,
                                -0.18648690660763878,
                                -0.11431008801035439,
                                -0.04489539413663307,
                                0.0,
                                0
                        ],