{
        "Charge scaling factor": 0.0,
        "One_body": {
                "O": -1.502900837583959
        },
        "Two_body": {
                "O-O": {
                        "r_min": 0.86,
                        "r_cut": 2.38,
                        "dr": 0.076,
                        "r": [
                                0.86,
                                0.9359999999999999,
                                1.012,
                                1.088,
                                1.164,
                                1.24,
                                1.3159999999999998,
                                1.392,
                                1.468,
                                1.544,
                                1.62,
                                1.696,
                                1.7719999999999998,
                                1.8479999999999999,
                                1.924,
                                2.0,
                                2.076,
                                2.152,
                                2.2279999999999998,
                                2.304,
                                2.38
                        ],
                        "exp_a": 6.23503811160516,
                        "exp_b": 8.291837449894008,
                        "exp_c": -11.436289955749427,
                        "spl_a": [
                                7.28581059970893,
                                0.3094379103833562,
                                -3.6816314028768495,
                                -5.755988799463964,
                                -6.65651953564199,
                                -6.856957531147,
                                -6.653818922856192,
                                -6.225039891975186,
                                -5.675901313598915,
                                -5.068845175295708,
                                -4.445477143137735,
                                -3.8266250473588093,
                                -3.2394616975338817,
                                -2.690352079021796,
                                -2.1792964840854196,
                                -1.7062949555547573,
                                -1.2713475072568083,
                                -0.874454146830837,
                                -0.515614880713872,
                                -0.19482971779348845
                        ],
                        "spl_b": [
                                -116.73301049258706,
                                -69.57483272174396,
                                -37.89300082777058,
                                -18.27790251377827,
                                -6.425183831529745,
                                0.5193457997773372,
                                4.454403768701928,
                                6.6071564611444416,
                                7.718981278454866,
                                8.1561835571207,
                                8.225659642845732,
                                7.976182921637145,
                                7.475481523389463,
                                6.974771313897659,
                                6.474060067669681,
                                5.973348552280376,
                                5.4726369138118605,
                                4.971925189469006,
                                4.471213376059656,
                                3.9705013998719756
                        ],
                        "spl_c": [
                                363.91738465184216,
                                256.5849544381989,
                                160.28125469302944,
                                97.81214417529007,
                                58.144680591138176,
                                33.23070929448127,
                                18.546369244000285,
                                9.77932407761171,
                                4.849949834367549,
                                0.9027117270249962,
                                0.011447295672808418,
                                -3.294035732627921,
                                -3.294140560104749,
                                -3.2941516700505606,
                                -3.2941542013701977,
                                -3.294155211646964,
                                -3.2941558208334976,
                                -3.2941563415724686,
                                -3.2941569927611223,
                                -3.2941584833925623
                        ],
                        "spl_d": [
                                -470.75627286685665,
                                -422.3846480051289,
                                -273.98732683219,
                                -173.98010343926305,
                                -109.27180393270562,
                                -64.40500022140797,
                                -38.45195248416039,
                                -21.620062470369106,
                                -17.312447839221708,
                                -3.9090545234745044,
                                -14.497732580266387,
                                -0.00045976963520977726,
                                -4.872783250776918e-05,
                                -1.1102279109698957e-05,
                                -4.431038448440981e-06,
                                -2.671870761676111e-06,
                                -2.283942855503806e-06,
                                -2.8560905862562575e-06,
                                -6.537857193244671e-06,
                                -200.24176537374765
                        ]
                }
        }
}