{
        "Charge scaling factor": 0.0,
        "One_body": {
                "Ne": 0.5651672203102795
        },
        "Two_body": {
                "Ne-Ne": {
                        "r_min": 0.8857006428074954,
                        "r_cut": 3.0357006428074955,
                        "dr": 0.05,
                        "r": [
                                0.8857006428074954,
                                0.9357006428074954,
                                0.9857006428074954,
                                1.0357006428074955,
                                1.0857006428074953,
                                1.1357006428074954,
                                1.1857006428074954,
                                1.2357006428074955,
                                1.2857006428074955,
                                1.3357006428074953,
                                1.3857006428074954,
                                1.4357006428074954,
                                1.4857006428074955,
                                1.5357006428074955,
                                1.5857006428074953,
                                1.6357006428074954,
                                1.6857006428074954,
                                1.7357006428074955,
                                1.7857006428074955,
                                1.8357006428074953,
                                1.8857006428074954,
                                1.9357006428074954,
                                1.9857006428074955,
                                2.0357006428074955,
                                2.0857006428074953,
                                2.135700642807495,
                                2.1857006428074954,
                                2.2357006428074957,
                                2.2857006428074955,
                                2.3357006428074953,
                                2.385700642807495,
                                2.4357006428074954,
                                2.4857006428074957,
                                2.5357006428074955,
                                2.5857006428074953,
                                2.635700642807495,
                                2.6857006428074954,
                                2.7357006428074957,
                                2.7857006428074955,
                                2.8357006428074953,
                                2.885700642807495,
                                2.935700642807496,
                                2.9857006428074957,
                                3.0357006428074955
                        ],
                        "exp_a": 4.588418281946502,
                        "exp_b": 7.539315344790667,
                        "exp_c": -22.55083417843758,
                        "spl_a": [
                                9.75831101251784,
                                4.046475509838057,
                                1.390887535394217,
                                0.2942024958469269,
                                -0.11942941109411202,
                                -0.23226739694330267,
                                -0.22173421977467103,
                                -0.16941313349383033,
                                -0.11462187735132483,
                                -0.08496518925906273,
                                -0.08634293395002599,
                                -0.07519371327696069,
                                -0.08239632194533084,
                                -0.0989863748701274,
                                -0.12144248111724953,
                                -0.14859141231965792,
                                -0.1716190510405789,
                                -0.19074018192832085,
                                -0.20801642279317042,
                                -0.222082976544383,
                                -0.2341517388574591,
                                -0.24342824988512507,
                                -0.2501834277746632,
                                -0.2544070877917069,
                                -0.2576142045522631,
                                -0.26168972830161974,
                                -0.2663856531946163,
                                -0.2508552210181183,
                                -0.23480087616984827,
                                -0.2195380512162477,
                                -0.20338518999040842,
                                -0.18581827576296994,
                                -0.1671841693462361,
                                -0.14768252220621755,
                                -0.12734281327939528,
                                -0.10650246291491532,
                                -0.08659515670307402,
                                -0.0645162201439003,
                                -0.04389115784865612,
                                -0.02743400242556357,
                                -0.015417098255291126,
                                -0.007143949201712771,
                                -0.0021287943773991,
                                0
                        ],
                        "spl_b": [
                                -148.24787246824377,
                                -80.22554763894739,
                                -32.89534560338398,
                                -13.329450786984605,
                                -4.405868037977172,
                                -0.6352706285205449,
                                0.8086620312258254,
                                1.1718783105855815,
                                0.9305652718326166,
                                0.17273725617001245,
                                0.07522230756528325,
                                0.11266207249497923,
                                -0.2890738772634889,
                                -0.3839262590310224,
                                -0.5179906369275524,
                                -0.5204134402305993,
                                -0.410949797549806,
                                -0.3647135460899526,
                                -0.3140383232458699,
                                -0.2597008378902943,
                                -0.2152772890502777,
                                -0.15990640635311434,
                                -0.10699842056950519,
                                -0.07083018576377739,
                                -0.055527443031378895,
                                -0.14401847270547913,
                                0.10531441531210067,
                                0.3728312484671612,
                                0.29844721230533877,
                                0.3124100904237268,
                                0.33685359676615007,
                                0.3633620497083366,
                                0.3817594430508301,
                                0.397745391493484,
                                0.4177403549856896,
                                0.4020967460419023,
                                0.41873205542597763,
                                0.4421495985150742,
                                0.3749094817787969,
                                0.2831455374699508,
                                0.20095194394330548,
                                0.13044988018787135,
                                0.07454676797872412,
                                0
                        ],