{
        "Charge scaling factor": 0.560432994965144,
        "One_body": {
                "Ti": 22.40174690993458,
                "Al": 11.204084650221446
        },
        "Two_body": {
                "Ti-O": {
                        "r_min": 1.4998565885652244,
                        "r_cut": 5.999856588565224,
                        "dr": 0.5,
                        "r": [
                                1.4998565885652244,
                                1.9998565885652244,
                                2.4998565885652244,
                                2.9998565885652244,
                                3.4998565885652244,
                                3.9998565885652244,
                                4.499856588565224,
                                4.999856588565224,
                                5.499856588565224,
                                5.999856588565224
                        ],
                        "exp_a": 1.3492512131407712,
                        "exp_b": 4.40863278340136,
                        "exp_c": -9.437843018861802,
                        "spl_a": [
                                1.4206708618215265,
                                -2.102886176198531,
                                -1.8950211437441014,
                                -1.0600852123718614,
                                -0.5997331201343774,
                                -0.3593410642091963,
                                -0.19103526837781018,
                                -0.07606330447174749,
                                -0.014425172318855442,
                                0
                        ],
                        "spl_b": [
                                -14.650863026417884,
                                -1.7234635312613809,
                                1.650565118069638,
                                1.3780088419428476,
                                0.6091276558173156,
                                0.3899454237638801,
                                0.2832777596665672,
                                0.176610095994544,
                                0.06994243270898523,
                                0
                        ],
                        "spl_c": [
                                19.767694711953602,
                                6.087104278359404,
                                0.6609530203026331,
                                -1.2060655725562137,
                                -0.3316967996948499,
                                -0.10666766441202126,
                                -0.10666766378260455,
                                -0.10666766356144192,
                                -0.1066676630096756,
                                0
                        ],
                        "spl_d": [
                                -9.120393622396131,
                                -3.617434172037847,
                                -1.2446790619058978,
                                0.5829125152409093,
                                0.15001942352188577,
                                4.196111421291467e-10,
                                1.4744175325098752e-10,
                                3.678442087965787e-10,
                                0.04896697373425383,
                                0
                        ]
                },
                "O-Al": {
                        "r_min": 1.4999810573298165,
                        "r_cut": 5.9999810573298165,
                        "dr": 0.5,
                        "r": [
                                1.4999810573298165,
                                1.9999810573298165,
                                2.4999810573298165,
                                2.9999810573298165,
                                3.4999810573298165,
                                3.9999810573298165,
                                4.4999810573298165,
                                4.9999810573298165,
                                5.4999810573298165,
                                5.9999810573298165
                        ],
                        "exp_a": 1.927761285359051,
                        "exp_b": 5.146043215438154,
                        "exp_c": -7.609290239630823,
                        "spl_a": [
                                1.9206438766543439,
                                -1.2588813185468966,
                                -1.0755570905301806,
                                -0.8023641464300956,
                                -0.545611931993141,
                                -0.3200811524456399,
                                -0.17381125137078568,
                                -0.07724944496214059,
                                -0.019312361210735443,
                                0
                        ],
                        "spl_b": [
                                -18.371438041396964,
                                -0.04214859470230653,
                                0.5628266170990388,
                                0.5299451590069573,
                                0.49706369809536993,
                                0.37549801251829706,
                                0.23174833556557356,
                                0.15449889012040452,
                                0.07724944491310975,
                                0
                        ],
                        "spl_c": [
                                35.415747012577576,
                                1.2428318808117405,
                                -0.03288145720904978,
                                -0.03288145897511338,
                                -0.032881462848061156,
                                -0.2102499083060847,
                                -0.07724944559936225,
                                -0.07724944529097584,
                                -0.0772494451236137,
                                0
                        ],
                        "spl_d": [
                                -22.78194342117722,
                                -0.8504755586805267,
                                -1.1773757339443118e-09,
                                -2.5819651833236534e-09,
                                -0.11824563030534903,
                                0.08866697513781496,
                                2.0559094241849132e-10,
                                1.1157475869142767e-10,
                                2.80671930141807e-10,
                                0
                        ]
                },
                "O-O": {
                        "r_min": 1.9999735017889808,
                        "r_cut": 5.999973501788981,
                        "dr": 0.5,
                        "r": [
                                1.9999735017889808,
                                2.499973501788981,
                                2.999973501788981,
                                3.499973501788981,
                                3.999973501788981,
                                4.499973501788981,
                                4.999973501788981,
                                5.499973501788981,
                                5.999973501788981
                        ],
                        "exp_a": 0.5226690963533854,
                        "exp_b": 3.1240000003875377,
                        "exp_c": -4.7836894853580105,
                        "spl_a": [
                                3.210185786733064,
                                1.661461784374847,
                                1.0211797658624502,
                                0.66184827803093,
                                0.4157419480394066,
                                0.23385484537667597,
                                0.10393548668658728,
                                0.02598387161404594,
                                0
                        ],