{
        "Charge scaling factor": 0.0,
        "One_body": {
                "O": 93.01676770716436
        },
        "Two_body": {
                "Ce-O": {
                        "r_n": [
                                1.75,
                                2.0,
                                2.25,
                                2.5,
                                2.75,
                                3.0,
                                3.25,
                                3.5,
                                3.75,
                                4.0,
                                4.25,
                                4.5,
                                4.75,
                                5.0,
                                5.25,
                                5.5,
                                5.75,
                                6.0,
                                6.25,
                                6.5,
                                6.75,
                                7.0,
                                7.25,
                                7.5,
                                7.75,
                                8.0
                        ],
                        "exp_a": 3.9614013084290303,
                        "exp_b": 7.101167387057668,
                        "exp_c": 10.48257654488714,
                        "spl_a": [
                                11.666359372847218,
                                10.575193306994143,
                                7.5266760409569855,
                                5.469866098523251,
                                3.773943848127151,
                                2.206137403354429,
                                0.923136124434393,
                                0.1749400113670427,
                                0.039158167249405317,
                                0.034531601185778714,
                                0.030221136437364814,
                                0.02619803624341186,
                                0.022462300536028573,
                                0.01901392929635329,
                                0.015852922511703164,
                                0.01297928016666723,
                                0.01039300223942791,
                                0.008094088704973983,
                                0.0060825395469560235,
                                0.004358354754489242,
                                0.002921534310900288,
                                0.0017720781453309398,
                                0.0009099860678360846,
                                0.00033525802488472737,
                                4.789400646064383e-05
                        ],
                        "spl_b": [
                                -4.689438843576871,
                                -8.359302395768996,
                                -11.549551556029932,
                                -6.706417881761977,
                                -6.657563230880175,
                                -5.828073536743182,
                                -4.23983530646019,
                                -1.586953941264692,
                                -0.020084414700892263,
                                -0.01760932210690664,
                                -0.016722666615967215,
                                -0.015502790737626735,
                                -0.01437220124956073,
                                -0.013217687628833175,
                                -0.012069584527011472,
                                -0.010919763819353678,
                                -0.009770403462876871,
                                -0.0086209198694578,
                                -0.007471469368954568,
                                -0.006322010060540821,
                                -0.005172553221550974,
                                -0.004023096363154911,
                                -0.002873640242599824,
                                -0.0017241841118003423,
                                -0.0005747280467040967
                        ],
                        "spl_c": [
                                18.576749170743334,
                                -33.25620337951184,
                                20.49520673846809,
                                -1.1226720413962714,
                                1.3180906449234813,
                                1.9998681316244893,
                                4.353084789507479,
                                6.258440671274512,
                                0.009037434980687722,
                                0.0008629353952547647,
                                0.0026836865685029338,
                                0.0021958169448589877,
                                0.0023265410074050264,
                                0.0022915134755051953,
                                0.0023008989317816193,
                                0.002298383898849558,
                                0.0022990575270576707,
                                0.0022988768466186147,
                                0.002298925155394312,
                                0.0022989120782606755,
                                0.002298915277698715,
                                0.0022989121558855343,
                                0.0022989123263348135,
                                0.0022989121968631137,
                                0.0022989120635218694
                        ],
                        "spl_d": [
                                -69.11060340034022,
                                71.66854682397324,
                                -28.823838373152483,
                                3.2543502484263365,
                                0.9090366489346774,
                                3.137622210510653,
                                2.5404745090227103,
                                -8.332537648391765,
                                -0.010899332780577276,
                                0.0024276682309975588,
                                -0.0006504928315252614,
                                0.0001742987500613849,
                                -4.670337586644135e-05,
                                1.2513941701898628e-05,
                                -3.3533772427485342e-06,
                                8.981709441503727e-07,
                                -2.4090725207470226e-07,
                                6.441170092956472e-08,
                                -1.7436178181839956e-08,
                                4.26591738611944e-09,
                                -4.162417574389103e-09,
                                2.2726570567584611e-10,
                                -1.7262893313903702e-10,
                                -1.777883257281232e-10,
                                -0.003065215920303136
                        ]
                }
        }
}