{
        "Charge scaling factor": 0.0,
        "One_body": {
                "Ce": 185.8831079718245
        },
        "Two_body": {
                "Ce-O": {
                        "r_min": 1.759588,
                        "r_cut": 8.0,
                        "dr": 0.3120206,
                        "r": [
                                1.759588,
                                2.0716086,
                                2.3836291999999997,
                                2.6956498,
                                3.0076704,
                                3.3196909999999997,
                                3.6317116,
                                3.9437322,
                                4.2557528,
                                4.5677734,
                                4.8797939999999995,
                                5.1918146,
                                5.503835199999999,
                                5.8158558,
                                6.1278764,
                                6.439896999999999,
                                6.7519176,
                                7.0639382,
                                7.375958799999999,
                                7.6879794,
                                8.0
                        ],
                        "exp_a": 4.872649197632645,
                        "exp_b": 10.808758918068843,
                        "exp_c": -0.9946290160940219,
                        "spl_a": [
                                8.350954324462712,
                                1.7448547346401297,
                                0.4645164192651473,
                                0.10544700728104242,
                                0.05181895175420237,
                                0.045350566644001764,
                                0.0393134072130145,
                                0.03370747345783433,
                                0.028532765377101203,
                                0.023789282970128715,
                                0.0194770262367426,
                                0.015595995176956883,
                                0.01214618979080582,
                                0.009127610078284845,
                                0.006540256039358738,
                                0.004384127674067328,
                                0.002659224982385477,
                                0.001365547963970196,
                                0.0005030966184390689,
                                7.187094563095395e-05
                        ],
                        "spl_b": [
                                -45.53774916577281,
                                -7.057540211278928,
                                -2.0582172242770422,
                                -0.47208600276025525,
                                -0.02142165598088902,
                                -0.020039613633405028,
                                -0.018657571303818277,
                                -0.017275528980453318,
                                -0.01589348666013079,
                                -0.014511444341092798,
                                -0.013129402022149482,
                                -0.011747359703083549,
                                -0.010365317383949156,
                                -0.008983275064925808,
                                -0.007601232745909164,
                                -0.0062191904267105014,
                                -0.004837148108091894,
                                -0.0034551057908744757,
                                -0.0020730634744469223,
                                -0.0006910211586848688
                        ],
                        "spl_c": [
                                110.9447384672998,
                                12.381121922988214,
                                3.641291299093559,
                                1.4421269800738592,
                                0.0022146652513737944,
                                0.0022146652078458696,
                                0.0022146651940146045,
                                0.0022146651879055676,
                                0.002214665184263867,
                                0.0022146651837887154,
                                0.0022146651839604612,
                                0.002214665184181681,
                                0.0022146651841798816,
                                0.0022146651838257743,
                                0.0022146651841584023,
                                0.0022146651844091357,
                                0.0022146651822993637,
                                0.002214665179918443,
                                0.002214665179767923,
                                0.002214665177785559
                        ],
                        "spl_d": [
                                -105.29605688888451,
                                -9.336809411402813,
                                -2.3493794095856684,
                                -1.5382662926982877,
                                -4.650112284699319e-11,
                                -1.4776017060277386e-11,
                                -6.526317907075629e-12,
                                -3.890448960003947e-12,
                                -5.076070854421918e-13,
                                1.8347705681207706e-13,
                                2.363302763900889e-13,
                                -1.922246934397864e-15,
                                -3.782948609030614e-13,
                                3.553483566449614e-13,
                                2.678599444724015e-13,
                                -2.2538810926005074e-12,
                                -2.543550594120352e-12,
                                -1.6080158520199397e-13,
                                -2.1177703499810314e-12,
                                -0.002365939058957569
                        ]
                }
        }
}