{
        "Charge scaling factor": 0.0,
        "One_body": {
                "Ce": 186.03353541432872
        },
        "Two_body": {
                "Ce-O": {
                        "r_min": 1.75,
                        "r_cut": 8.0,
                        "dr": 0.25,
                        "r": [
                                1.75,
                                1.75,
                                2.0,
                                2.25,
                                2.5,
                                2.75,
                                3.0,
                                3.25,
                                3.5,
                                3.75,
                                4.0,
                                4.25,
                                4.5,
                                4.75,
                                5.0,
                                5.25,
                                5.5,
                                5.75,
                                6.0,
                                6.25,
                                6.5,
                                6.75,
                                7.0,
                                7.25,
                                7.5,
                                7.75,
                                8.0
                        ],
                        "exp_a": 1.011350421753008,
                        "exp_b": 4.781552443342838,
                        "exp_c": -13.90751627015139,
                        "spl_a": [
                                6.414182198545387,
                                2.5751933069941413,
                                1.0266760409569855,
                                0.4698660985232498,
                                0.2739438481271502,
                                0.16447073668776196,
                                0.08980279110105947,
                                0.049940011367042667,
                                0.039158167249405317,
                                0.034531601185778714,
                                0.030221136437364814,
                                0.02619803624341186,
                                0.022462300536028573,
                                0.01901392929635329,
                                0.015852922511703164,
                                0.01297928016666723,
                                0.01039300223942791,
                                0.008094088704973983,
                                0.0060825395469560235,
                                0.004358354754489242,
                                0.002921534310900288,
                                0.0017720781453309398,
                                0.0009099860678360846,
                                0.00033525802488472737,
                                4.789400646064383e-05
                        ],
                        "spl_b": [
                                -20.552358317053944,
                                -10.159559127499916,
                                -3.459479064007202,
                                -1.2664511181219742,
                                -0.5075027774629245,
                                -0.3682821140521815,
                                -0.2290614506414386,
                                -0.08984078723069572,
                                -0.019310886655628457,
                                -0.017816588321957903,
                                -0.016667129801025974,
                                -0.015517671782340437,
                                -0.014368213885647163,
                                -0.013218756039773745,
                                -0.012069298247162762,
                                -0.010919840527807948,
                                -0.009770382908908496,
                                -0.008620925376877022,
                                -0.007471467893246048,
                                -0.006322010455955677,
                                -0.005172553115600069,
                                -0.00402309639154367,
                                -0.0028736402349956924,
                                -0.0017241841138281107,
                                -0.0005747280461971545
                        ],
                        "spl_c": [
                                20.785636251971447,
                                20.78556050624466,
                                6.014759747726197,
                                2.7573520358147134,
                                0.27844132682148554,
                                0.2784413268214866,
                                0.27844132682148487,
                                0.2784413268214867,
                                0.0036782754787823262,
                                0.0022989178558998928,
                                0.0022989162278278154,
                                0.0022989158469143333,
                                0.002298915739858761,
                                0.002298915643634911,
                                0.002298915526809022,
                                0.0022989153506102313,
                                0.0022989151249875753,
                                0.002298915003138322,
                                0.002298914931385577,
                                0.0022989148177759077,
                                0.002298914543646521,
                                0.0022989123525790777,
                                0.002298912273612833,
                                0.002298912211057493,
                                0.0022989120594663326
                        ],
                        "spl_d": [
                                -0.00010099430238123357,
                                -19.69440101135795,
                                -4.343210282548645,
                                -3.3052142786576373,
                                1.4062824978585316e-15,
                                -2.294460917558657e-15,
                                2.4424906541753444e-15,
                                -0.3663507351236059,
                                -0.001839143497176578,
                                -2.170762769769056e-09,
                                -5.078846429066678e-10,
                                -1.4274076307515168e-10,
                                -1.2829846675795528e-10,
                                -1.5576785174220564e-10,
                                -2.3493172106777333e-10,
                                -3.0083020796656257e-10,
                                -1.6246567112465637e-10,
                                -9.567032640637556e-11,
                                -1.514795592201986e-10,
                                -3.6550584896673694e-10,
                                -2.9214232578206323e-09,
                                -1.0528832609009904e-10,
                                -8.340712033076218e-11,
                                -2.0212154693000084e-10,
                                -0.0030652159121920624
                        ]
                }
        }
}