{
        "Charge scaling factor": 0.0,
        "One_body": {
                "Ca": 0.0,
                "Ti": 0.0,
                "O": 0.0
        },
        "Two_body": {
                "O-O": {
                        "r_cut": 6.005269102718633,
                        "A": 22764.0,
                        "B": 6.7114,
                        "C": 27.88
                },
                "Ti-O": {
                        "r_cut": 6.005269102718633,
                        "A": 3242.124,
                        "B": 3.4626,
                        "C": 0.0
                },
                "Ca-O": {
                        "r_cut": 6.005269102718633,
                        "A": 2272.741,
                        "B": 3.3490,
                        "C": 0.0
                }
        }
}