{
        "Charge scaling factor": 0.0,
        "One_body": {
                "O": -1.5341119186510541
        },
        "Two_body": {
                "O-O": {
                        "r_min": 0.9499,
                        "r_cut": 2.3899,
                        "dr": 0.02,
                        "r": [
                                0.9499,
                                0.9699,
                                0.9899,
                                1.0099,
                                1.0299,
                                1.0499,
                                1.0699,
                                1.0899,
                                1.1098999999999999,
                                1.1299,
                                1.1499,
                                1.1699,
                                1.1899,
                                1.2099,
                                1.2299,
                                1.2499,
                                1.2699,
                                1.2899,
                                1.3098999999999998,
                                1.3298999999999999,
                                1.3498999999999999,
                                1.3699,
                                1.3899,
                                1.4099,
                                1.4299,
                                1.4499,
                                1.4699,
                                1.4899,
                                1.5099,
                                1.5299,
                                1.5499,
                                1.5699,
                                1.5899,
                                1.6099,
                                1.6299000000000001,
                                1.6499000000000001,
                                1.6699,
                                1.6899,
                                1.7099,
                                1.7299,
                                1.7499,
                                1.7699,
                                1.7898999999999998,
                                1.8098999999999998,
                                1.8298999999999999,
                                1.8498999999999999,
                                1.8699,
                                1.8899,
                                1.9099,
                                1.9299,
                                1.9499,
                                1.9699,
                                1.9899,
                                2.0099,
                                2.0299,
                                2.0499,
                                2.0699,
                                2.0899,
                                2.1098999999999997,
                                2.1299,
                                2.1498999999999997,
                                2.1699,
                                2.1898999999999997,
                                2.2099,
                                2.2298999999999998,
                                2.2499000000000002,
                                2.2699,
                                2.2899000000000003,
                                2.3099,
                                2.3299000000000003,
                                2.3499,
                                2.3699,
                                2.3899
                        ],
                        "exp_a": 3.301217708073918,
                        "exp_b": 6.060154580001537,
                        "exp_c": -19.18329042355891,
                        "spl_a": [
                                -0.5615846183734221,
                                -1.7098946918974722,
                                -2.6984661457514605,
                                -3.539645480562443,
                                -4.247211571893774,
                                -4.8393568232238,
                                -5.329286779688904,
                                -5.7285348785061805,
                                -6.048634556892724,
                                -6.3002992789796535,
                                -6.491431728588682,
                                -6.630298612077844,
                                -6.72324813777492,
                                -6.776918179512717,
                                -6.796335636223531,
                                -6.7864058102233225,
                                -6.750952395030251,
                                -6.6937362404230445,
                                -6.617850365041423,
                                -6.526052373204191,
                                -6.420564653102043,
                                -6.303557252754772,
                                -6.1762811071585455,
                                -6.0410694230473245,
                                -5.899676632864662,
                                -5.752432062415746,
                                -5.599515362768306,
                                -5.441799337635026,
                                -5.280330677055384,
                                -5.116156071068863,
                                -4.950322209714942,
                                -4.7838757830331,
                                -4.61796735822985,
                                -4.453884697696662,
                                -4.29190617800772,
                                -4.13203182428775,
                                -3.9742616449869987,
                                -3.818595644205304,
                                -3.6650338243123497,
                                -3.513576186833372,
                                -3.3642227328283822,
                                -3.2169734630794027,
                                -3.071828378192482,
                                -2.928787478657691,
                                -2.7878507648306647,
                                -2.6490182367951056,
                                -2.512289894569917,
                                -2.3776657381740014,
                                -2.2451457676262603,
                                -2.1147299829455974,
                                -1.9864183841509147,
                                -1.860210971261115,
                                -1.7361077442951012,
                                -1.6141087032717754,
                                -1.4942138482100404,
                                -1.3764231791287982,
                                -1.2607366960469522,
                                -1.1471543989834045,
                                -1.0356762880027932,
                                -0.9263023633574867,
                                -0.8190326253722973,
                                -0.7138670744188422,
                                -0.6108057109466193,
                                -0.5098485355498085,
                                -0.4109955491697249,
                                -0.31604602856320096,
                                -0.23219707563287104,
                                -0.1612479644380423,
                                -0.10319869383812917,
                                -0.05804926299261845,
                                -0.025799671114232585,
                                -0.006449917297028239,
                                0
                        ],