{
        "Charge scaling factor": 0.0,
        "One_body": {
                "O": -1.4612076153830884
        },
        "Two_body": {
                "O-O": {
                        "r_min": 0.9499,
                        "r_cut": 2.3899,
                        "dr": 0.02,
                        "r": [
                                0.9499,
                                0.9699,
                                0.9899,
                                1.0099,
                                1.0299,
                                1.1098999999999999,
                                1.1299,
                                1.1499,
                                1.1699,
                                1.1899,
                                1.2099,
                                1.2299,
                                1.2499,
                                1.2699,
                                1.2899,
                                1.3098999999999998,
                                1.3298999999999999,
                                1.3498999999999999,
                                1.3699,
                                1.3899,
                                1.4099,
                                1.4299,
                                1.4499,
                                1.5699,
                                1.5899,
                                1.6099,
                                1.6299000000000001,
                                1.6499000000000001,
                                1.6699,
                                1.6899,
                                1.7099,
                                1.7299,
                                1.7499,
                                1.7699,
                                1.7898999999999998,
                                1.8098999999999998,
                                2.0899,
                                2.1098999999999997,
                                2.1299,
                                2.1498999999999997,
                                2.1699,
                                2.1898999999999997,
                                2.2099,
                                2.2298999999999998,
                                2.2499000000000002,
                                2.2699,
                                2.2899000000000003,
                                2.3099,
                                2.3299000000000003,
                                2.3499,
                                2.3699,
                                2.3899
                        ],
                        "exp_a": 2.8574373934712263,
                        "exp_b": 5.763691284680615,
                        "exp_c": -21.81899173324387,
                        "spl_a": [
                                -0.7160699376067494,
                                -1.8531537871072794,
                                -2.8465101071634353,
                                -3.6831649115039826,
                                -4.397241174366185,
                                -6.193892108491156,
                                -6.446622563326401,
                                -6.6367194344267295,
                                -6.776634535125517,
                                -6.868524205756722,
                                -6.923263730812364,
                                -6.941603513189087,
                                -6.932757680222843,
                                -6.896217509935876,
                                -6.840084956550449,
                                -6.763126421393479,
                                -6.6723847008221675,
                                -6.565869156811313,
                                -6.449804593317474,
                                -6.32185113472452,
                                -6.187670586505649,
                                -6.044514762174219,
                                -5.8981945170878,
                                -4.9401058322719935,
                                -4.775908144387408,
                                -4.611386447348004,
                                -4.447738509193398,
                                -4.28454875174741,
                                -4.122963603173847,
                                -3.962485985634318,
                                -3.804140700059569,
                                -3.6473503150100335,
                                -3.493076102987972,
                                -3.340748178491203,
                                -3.1912234626810023,
                                -3.0437844250035155,
                                -1.2778819008380664,
                                -1.1732051700367712,
                                -1.0713066003609346,
                                -0.9721905606773831,
                                -0.8757801203879636,
                                -0.782056509424701,
                                -0.6909381628818395,
                                -0.6024475004443337,
                                -0.5164699706806243,
                                -0.43301625992124426,
                                -0.35194265003665276,
                                -0.2732852477582542,
                                -0.19693186038557403,
                                -0.122920193892079,
                                -0.05013645115451018,
                                0
                        ],