{
        "Charge scaling factor": 0.0,
        "One_body": {
                "Ne": -0.001890124048646984
        },
        "Two_body": {
                "Ne-Ne": {
                        "r_min": 3.1337029999999997,
                        "r_cut": 8.0,
                        "dr": 0.24331485000000003,
                        "r": [
                                3.1337029999999997,
                                3.3770178499999997,
                                3.6203326999999996,
                                3.8636475499999996,
                                4.1069624,
                                4.3502772499999995,
                                4.5935921,
                                4.8369069499999995,
                                5.0802218,
                                5.323536649999999,
                                5.5668515,
                                5.810166349999999,
                                6.0534812,
                                6.29679605,
                                6.5401109,
                                6.78342575,
                                7.0267406,
                                7.27005545,
                                7.5133703,
                                7.75668515,
                                8.0
                        ],
                        "exp_a": 1.7255515574283915,
                        "exp_b": 5.404388757312361,
                        "exp_c": -0.18126998902717395,
                        "spl_a": [
                                0.8157571039830832,
                                0.47833822382770363,
                                0.27413463593789233,
                                0.15432245248068635,
                                0.08357314892594464,
                                0.041748802308421526,
                                0.016853718197772358,
                                0.004134709278507705,
                                -0.002677370119952718,
                                -0.006088579093298314,
                                -0.007498302098032867,
                                -0.007395767877418672,
                                -0.0066235404961205065,
                                -0.005754567621712897,
                                -0.004886830183198573,
                                -0.00402070164794948,
                                -0.0031561849853977723,
                                -0.002293280806026756,
                                -0.0014319895498062405,
                                -0.0005723116558509484
                        ],
                        "spl_b": [
                                -1.7204216531421503,
                                -1.0805930098837515,
                                -0.6352508415367348,
                                -0.3734220704022003,
                                -0.22062754340129864,
                                -0.1320675041246837,
                                -0.07373325028075334,
                                -0.03677011577991917,
                                -0.01999881798914737,
                                -0.009284728462391706,
                                -0.0023029308838466217,
                                0.0023792016435106597,
                                0.003571675646835287,
                                0.003569608591802941,
                                0.0035630135119761332,
                                0.003556391027342646,
                                0.0035497648324837898,
                                0.0035431367440362867,
                                0.003536506988393095,
                                0.003529874956269525
                        ],
                        "spl_c": [
                                1.4843381315064823,
                                1.1452943930122592,
                                0.6850179300827626,
                                0.39107245706185506,
                                0.2368979565849146,
                                0.1270750572965437,
                                0.11267296401793904,
                                0.03924186773538106,
                                0.02968650959453423,
                                0.014347340072905737,
                                0.014347158345686718,
                                0.0048959438626548606,
                                5.0065040187025675e-06,
                                -1.3501896027642291e-05,
                                -1.3603230629474514e-05,
                                -1.3614527076180517e-05,
                                -1.3618479289257956e-05,
                                -1.3622309538482175e-05,
                                -1.3625331298860433e-05,
                                -1.363166564797401e-05
                        ],
                        "spl_d": [
                                -0.4644787586868388,
                                -0.6305635995631403,
                                -0.4026956198534636,
                                -0.21121398944199318,
                                -0.15045375609472106,
                                -0.019730393601273696,
                                -0.1005981841806453,
                                -0.013090526041802487,
                                -0.021014157200884027,
                                -2.489603066692076e-07,
                                -0.0129478526595368,
                                -0.006700423146711816,
                                -2.5355898672501714e-05,
                                -1.388250680578727e-07,
                                -1.5475760050545002e-08,
                                -5.414401789065735e-09,
                                -5.24731532582678e-09,
                                -4.139712226440513e-09,
                                -8.677849726499358e-09,
                                -0.019837361720797714
                        ]
                }
        }
}