{
        "Charge scaling factor": 0.0,
        "One_body": {
                "Ne": -0.0017885802824842726
        },
        "Two_body": {
                "Ne-Ne": {
                        "r_n": [
                                3.1999999999999993,
                                3.2999999999999994,
                                3.3999999999999995,
                                3.499999999999999,
                                3.599999999999999,
                                3.6999999999999993,
                                3.7999999999999994,
                                3.8999999999999995,
                                3.999999999999999,
                                4.1,
                                4.199999999999999,
                                4.299999999999999,
                                4.3999999999999995,
                                4.499999999999999,
                                4.6,
                                4.699999999999999,
                                4.799999999999999,
                                4.8999999999999995,
                                4.999999999999999,
                                5.1,
                                5.199999999999999,
                                5.299999999999999,
                                5.3999999999999995,
                                5.5,
                                5.6,
                                5.699999999999999,
                                5.799999999999999,
                                5.8999999999999995,
                                6.0,
                                6.1,
                                6.199999999999999,
                                6.299999999999999,
                                6.3999999999999995,
                                6.5,
                                6.6,
                                6.699999999999999,
                                6.799999999999999,
                                6.8999999999999995,
                                7.0,
                                7.1,
                                7.199999999999999,
                                7.3,
                                7.3999999999999995,
                                7.499999999999999,
                                7.6,
                                7.699999999999999,
                                7.8,
                                7.8999999999999995,
                                8.0
                        ],
                        "exp_a": 38.40520543654506,
                        "exp_b": 117.19833794728393,
                        "exp_c": 0.5781297769831539,
                        "spl_a": [
                                0.5814813702315801,
                                0.5687395123877979,
                                0.45460871209928855,
                                0.36179291077313475,
                                0.2872571631975506,
                                0.22790679500690614,
                                0.17996976280113966,
                                0.14129737496997286,
                                0.11011433191302482,
                                0.08531207719875245,
                                0.06514299009121197,
                                0.04887954833004837,
                                0.03569080550374731,
                                0.024924962189767808,
                                0.016461033459835517,
                                0.010189058029228263,
                                0.0055428439475564695,
                                0.0019012418494097818,
                                -0.0009124584001259563,
                                -0.003046097785944883,
                                -0.004659152249203945,
                                -0.005818434528142872,
                                -0.0066636314531741785,
                                -0.007248521213479978,
                                -0.007578150802145196,
                                -0.007653162582730053,
                                -0.007493595751955686,
                                -0.007188329312318116,
                                -0.00683376333067065,
                                -0.006474007311725799,
                                -0.006115566854975801,
                                -0.005758442097816608,
                                -0.005402633079534373,
                                -0.005048139816763724,
                                -0.004694962318470768,
                                -0.0043431005896128255,
                                -0.003992554633666427,
                                -0.0036433244523698793,
                                -0.003295410046697126,
                                -0.002948811417340375,
                                -0.0026035285644153586,
                                -0.00225956148792303,
                                -0.0019169101881748546,
                                -0.0015755746653667302,
                                -0.001235554919810744,
                                -0.0008968509523489488,
                                -0.0005594627652891729,
                                -0.0002233903658652253
                        ],