{
        "Charge scaling factor": 0.0,
        "One_body": {
                "O": -1.510988094804689
        },
        "Two_body": {
                "O-O": {
                        "r_min": 0.8799999999999999,
                        "r_cut": 2.38,
                        "dr": 0.1,
                        "r": [
                                0.8799999999999999,
                                0.9799999999999999,
                                1.0799999999999998,
                                1.18,
                                1.2799999999999998,
                                1.38,
                                1.48,
                                1.58,
                                1.68,
                                1.7799999999999998,
                                1.88,
                                1.98,
                                2.08,
                                2.1799999999999997,
                                2.2800000000000002,
                                2.38
                        ],
                        "exp_a": 4.497955567243734,
                        "exp_b": 7.278574908332882,
                        "exp_c": -21.870786230777583,
                        "spl_a": [
                                5.7999114870180595,
                                -2.274839623396543,
                                -5.586365927668602,
                                -6.7281647673602425,
                                -6.77031394727282,
                                -6.286959203949257,
                                -5.565653971525017,
                                -4.758926456124021,
                                -3.936665809621377,
                                -3.1642944247675393,
                                -2.456302114683586,
                                -1.8126891943089194,
                                -1.2334556672818004,
                                -0.7186015340923526,
                                -0.26812679520244276,
                                0
                        ],
                        "spl_b": [
                                -124.46156884927731,
                                -49.301656265233106,
                                -19.920128530390183,
                                -4.617583932117143,
                                2.872023670732262,
                                6.36565615151764,
                                7.805150995631233,
                                8.254722300714468,
                                8.045604658620107,
                                7.401820005499619,
                                6.758026167515159,
                                6.114232238198307,
                                5.470438301745156,
                                4.826644361318114,
                                4.182850415363104,
                                0
                        ],
                        "spl_c": [
                                559.8226065134962,
                                191.77651932694607,
                                102.03875802148323,
                                50.98668796124704,
                                23.909388067247104,
                                11.026936740606653,
                                3.3680117005292667,
                                1.1277013503030746,
                                -3.218877771246678,
                                -3.2189687599582157,
                                -3.218969619886376,
                                -3.218969673282146,
                                -3.218969691249362,
                                -3.218969713021071,
                                -3.2189697465289915,
                                0
                        ],
                        "spl_d": [
                                -1226.8202906218341,
                                -299.1258710182095,
                                -170.17356686745381,
                                -90.25766631333325,
                                -42.9415044221348,
                                -25.529750133591264,
                                -7.467701167420634,
                                -14.488597071832528,
                                -0.00030329570512558767,
                                -2.8664272007835218e-06,
                                -1.7798590009239949e-07,
                                -5.989072053106758e-08,
                                -7.257236293393539e-08,
                                -1.1169306812774889e-07,
                                -117.96854886857778,
                                0
                        ]
                }
        }
}