{
        "Charge scaling factor": 0.0,
        "One_body": {
                "O": -1.510988094804689
        },
        "Two_body": {
                "O-O": {
                        "r_min": 0.8799999999999999,
                        "r_cut": 2.38,
                        "dr": 0.1,
                        "r": [
                                0.8799999999999999,
                                0.9799999999999999,
                                1.0799999999999998,
                                1.18,
                                1.2799999999999998,
                                1.38,
                                1.48,
                                1.58,
                                1.68,
                                1.7799999999999998,
                                1.88,
                                1.98,
                                2.08,
                                2.1799999999999997,
                                2.2800000000000002,
                                2.38
                        ],
                        "exp_a": 4.497955565525529,
                        "exp_b": 7.278574907202858,
                        "exp_c": -21.870786241347687,
                        "spl_a": [
                                5.7999114870180595,
                                -2.274839623396543,
                                -5.586365927668602,
                                -6.7281647673602425,
                                -6.77031394727282,
                                -6.286959203949257,
                                -5.565653971525017,
                                -4.758926456124021,
                                -3.936665809621377,
                                -3.1642944247675393,
                                -2.456302114683586,
                                -1.8126891943089194,
                                -1.2334556672818004,
                                -0.7186015340923526,
                                -0.26812679520244276,
                                0.0,
                                0
                        ],
                        "spl_b": [
                                -124.46156884927731,
                                -49.30165624384806,
                                -19.920128615930377,
                                -4.617583611341419,
                                2.8720224731695554,
                                6.36566062099274,
                                7.805134315293538,
                                8.254784552590149,
                                8.045372331455079,
                                7.402687062284053,
                                6.754790267542453,
                                6.126308781304697,
                                5.425368029292298,
                                4.994848908023152,
                                3.555102500995809,
                                2.3427871107641347,
                                0
                        ],
                        "spl_c": [
                                559.8226062996457,
                                191.77651975464704,
                                102.03875652452984,
                                50.98669352135961,
                                23.909367323750228,
                                11.027014154481597,
                                3.3677227885263643,
                                1.1287795844397412,
                                -3.222901795790442,
                                -3.2039508959198284,
                                -3.2750170514961616,
                                -3.0097978108813908,
                                -3.9996097092425966,
                                -0.3055815034488829,
                                -14.091882566824465,
                                1.9687286645076763,
                                0
                        ],
                        "spl_d": [
                                -1226.8202884833293,
                                -299.12587743372404,
                                -170.17354334390063,
                                -90.2577539920314,
                                -42.9411772308954,
                                -25.530971219850752,
                                -7.46314401362207,
                                -14.505604600767295,
                                0.06316966623537802,
                                -0.23688718525444385,
                                0.8840641353825688,
                                -3.29937299453735,
                                12.313427352645757,
                                -45.954336877918365,
                                53.53537077110733,
                                0.4135984589301841,
                                0
                        ]
                }
        }
}