{
        "Charge scaling factor": 0.0,
        "One_body": {
                "O": -1.510988094804689
        },
        "Two_body": {
                "O-O": {
                        "r_n": [
                                0.8799999999999999,
                                0.9799999999999999,
                                1.0799999999999998,
                                1.18,
                                1.2799999999999998,
                                1.38,
                                1.48,
                                1.58,
                                1.68,
                                1.7799999999999998,
                                1.88,
                                1.98,
                                2.08,
                                2.1799999999999997,
                                2.2800000000000002,
                                2.38
                        ],
                        "exp_a": 29.406865103633727,
                        "exp_b": 24.174007501515057,
                        "exp_c": -1.943366689926465,
                        "spl_a": [
                                -1.7614185885208957,
                                -2.274839623396543,
                                -5.586365927668602,
                                -6.7281647673602425,
                                -6.77031394727282,
                                -6.286959203949257,
                                -5.565653971525017,
                                -4.758926456124021,
                                -3.936665809621377,
                                -3.1642944247675393,
                                -2.456302114683586,
                                -1.8126891943089194,
                                -1.2334556672818004,
                                -0.7186015340923526,
                                -0.26812679520244276
                        ],
                        "spl_b": [
                                -5.350523273895854,
                                -20.435796113408514,
                                -27.654712446901303,
                                -2.5451084178972763,
                                2.316705530363907,
                                6.514453198771191,
                                7.765280946985385,
                                8.26540544804431,
                                8.042742117946583,
                                7.402587020863875,
                                6.75782064673166,
                                6.114287305968048,
                                5.470423551449689,
                                4.826648294730239,
                                4.182849432010074
                        ],
                        "spl_c": [
                                157.34211614930808,
                                -308.1948445444347,
                                236.00568120950686,
                                15.090359080533215,
                                33.52778040207868,
                                8.449696281994122,
                                4.058581200147804,
                                0.9426638104414558,
                                -3.169297111418741,
                                -3.2322538594083436,
                                -3.215409881913802,
                                -3.2199235257223107,
                                -3.2187140194612764,
                                -3.219038547733249,
                                -3.218950079468366
                        ],
                        "spl_d": [
                                -1551.789868979143,
                                1814.0017525131389,
                                -736.3844070965782,
                                61.45807107181831,
                                -83.59361373361513,
                                -14.637050272821044,
                                -10.386391299021152,
                                -13.706536406200675,
                                -0.20985582663200858,
                                0.05614659164847153,
                                -0.015045479361694966,
                                0.0040316875367807335,
                                -0.0010817609065746027,
                                0.000294894216275782,
                                -117.96864720388095
                        ]
                }
        }
}